frame, face_id, timestamp, confidence, success,cos_sim, gaze_0_x, gaze_0_y, gaze_0_z, gaze_1_x, gaze_1_y, gaze_1_z, gaze_angle_x, gaze_angle_y, eye_lmk_x_0, eye_lmk_x_1, eye_lmk_x_2, eye_lmk_x_3, eye_lmk_x_4, eye_lmk_x_5, eye_lmk_x_6, eye_lmk_x_7, eye_lmk_x_8, eye_lmk_x_9, eye_lmk_x_10, eye_lmk_x_11, eye_lmk_x_12, eye_lmk_x_13, eye_lmk_x_14, eye_lmk_x_15, eye_lmk_x_16, eye_lmk_x_17, eye_lmk_x_18, eye_lmk_x_19, eye_lmk_x_20, eye_lmk_x_21, eye_lmk_x_22, eye_lmk_x_23, eye_lmk_x_24, eye_lmk_x_25, eye_lmk_x_26, eye_lmk_x_27, eye_lmk_x_28, eye_lmk_x_29, eye_lmk_x_30, eye_lmk_x_31, eye_lmk_x_32, eye_lmk_x_33, eye_lmk_x_34, eye_lmk_x_35, eye_lmk_x_36, eye_lmk_x_37, eye_lmk_x_38, eye_lmk_x_39, eye_lmk_x_40, eye_lmk_x_41, eye_lmk_x_42, eye_lmk_x_43, eye_lmk_x_44, eye_lmk_x_45, eye_lmk_x_46, eye_lmk_x_47, eye_lmk_x_48, eye_lmk_x_49, eye_lmk_x_50, eye_lmk_x_51, eye_lmk_x_52, eye_lmk_x_53, eye_lmk_x_54, eye_lmk_x_55, eye_lmk_y_0, eye_lmk_y_1, eye_lmk_y_2, eye_lmk_y_3, eye_lmk_y_4, eye_lmk_y_5, eye_lmk_y_6, eye_lmk_y_7, eye_lmk_y_8, eye_lmk_y_9, eye_lmk_y_10, eye_lmk_y_11, eye_lmk_y_12, eye_lmk_y_13, eye_lmk_y_14, eye_lmk_y_15, eye_lmk_y_16, eye_lmk_y_17, eye_lmk_y_18, eye_lmk_y_19, eye_lmk_y_20, eye_lmk_y_21, eye_lmk_y_22, eye_lmk_y_23, eye_lmk_y_24, eye_lmk_y_25, eye_lmk_y_26, eye_lmk_y_27, eye_lmk_y_28, eye_lmk_y_29, eye_lmk_y_30, eye_lmk_y_31, eye_lmk_y_32, eye_lmk_y_33, eye_lmk_y_34, eye_lmk_y_35, eye_lmk_y_36, eye_lmk_y_37, eye_lmk_y_38, eye_lmk_y_39, eye_lmk_y_40, eye_lmk_y_41, eye_lmk_y_42, eye_lmk_y_43, eye_lmk_y_44, eye_lmk_y_45, eye_lmk_y_46, eye_lmk_y_47, eye_lmk_y_48, eye_lmk_y_49, eye_lmk_y_50, eye_lmk_y_51, eye_lmk_y_52, eye_lmk_y_53, eye_lmk_y_54, eye_lmk_y_55, eye_lmk_X_0, eye_lmk_X_1, eye_lmk_X_2, eye_lmk_X_3, eye_lmk_X_4, eye_lmk_X_5, eye_lmk_X_6, eye_lmk_X_7, eye_lmk_X_8, eye_lmk_X_9, eye_lmk_X_10, eye_lmk_X_11, eye_lmk_X_12, eye_lmk_X_13, eye_lmk_X_14, eye_lmk_X_15, eye_lmk_X_16, eye_lmk_X_17, eye_lmk_X_18, eye_lmk_X_19, eye_lmk_X_20, eye_lmk_X_21, eye_lmk_X_22, eye_lmk_X_23, eye_lmk_X_24, eye_lmk_X_25, eye_lmk_X_26, eye_lmk_X_27, eye_lmk_X_28, eye_lmk_X_29, eye_lmk_X_30, eye_lmk_X_31, eye_lmk_X_32, eye_lmk_X_33, eye_lmk_X_34, eye_lmk_X_35, eye_lmk_X_36, eye_lmk_X_37, eye_lmk_X_38, eye_lmk_X_39, eye_lmk_X_40, eye_lmk_X_41, eye_lmk_X_42, eye_lmk_X_43, eye_lmk_X_44, eye_lmk_X_45, eye_lmk_X_46, eye_lmk_X_47, eye_lmk_X_48, eye_lmk_X_49, eye_lmk_X_50, eye_lmk_X_51, eye_lmk_X_52, eye_lmk_X_53, eye_lmk_X_54, eye_lmk_X_55, eye_lmk_Y_0, eye_lmk_Y_1, eye_lmk_Y_2, eye_lmk_Y_3, eye_lmk_Y_4, eye_lmk_Y_5, eye_lmk_Y_6, eye_lmk_Y_7, eye_lmk_Y_8, eye_lmk_Y_9, eye_lmk_Y_10, eye_lmk_Y_11, eye_lmk_Y_12, eye_lmk_Y_13, eye_lmk_Y_14, eye_lmk_Y_15, eye_lmk_Y_16, eye_lmk_Y_17, eye_lmk_Y_18, eye_lmk_Y_19, eye_lmk_Y_20, eye_lmk_Y_21, eye_lmk_Y_22, eye_lmk_Y_23, eye_lmk_Y_24, eye_lmk_Y_25, eye_lmk_Y_26, eye_lmk_Y_27, eye_lmk_Y_28, eye_lmk_Y_29, eye_lmk_Y_30, eye_lmk_Y_31, eye_lmk_Y_32, eye_lmk_Y_33, eye_lmk_Y_34, eye_lmk_Y_35, eye_lmk_Y_36, eye_lmk_Y_37, eye_lmk_Y_38, eye_lmk_Y_39, eye_lmk_Y_40, eye_lmk_Y_41, eye_lmk_Y_42, eye_lmk_Y_43, eye_lmk_Y_44, eye_lmk_Y_45, eye_lmk_Y_46, eye_lmk_Y_47, eye_lmk_Y_48, eye_lmk_Y_49, eye_lmk_Y_50, eye_lmk_Y_51, eye_lmk_Y_52, eye_lmk_Y_53, eye_lmk_Y_54, eye_lmk_Y_55, eye_lmk_Z_0, eye_lmk_Z_1, eye_lmk_Z_2, eye_lmk_Z_3, eye_lmk_Z_4, eye_lmk_Z_5, eye_lmk_Z_6, eye_lmk_Z_7, eye_lmk_Z_8, eye_lmk_Z_9, eye_lmk_Z_10, eye_lmk_Z_11, eye_lmk_Z_12, eye_lmk_Z_13, eye_lmk_Z_14, eye_lmk_Z_15, eye_lmk_Z_16, eye_lmk_Z_17, eye_lmk_Z_18, eye_lmk_Z_19, eye_lmk_Z_20, eye_lmk_Z_21, eye_lmk_Z_22, eye_lmk_Z_23, eye_lmk_Z_24, eye_lmk_Z_25, eye_lmk_Z_26, eye_lmk_Z_27, eye_lmk_Z_28, eye_lmk_Z_29, eye_lmk_Z_30, eye_lmk_Z_31, eye_lmk_Z_32, eye_lmk_Z_33, eye_lmk_Z_34, eye_lmk_Z_35, eye_lmk_Z_36, eye_lmk_Z_37, eye_lmk_Z_38, eye_lmk_Z_39, eye_lmk_Z_40, eye_lmk_Z_41, eye_lmk_Z_42, eye_lmk_Z_43, eye_lmk_Z_44, eye_lmk_Z_45, eye_lmk_Z_46, eye_lmk_Z_47, eye_lmk_Z_48, eye_lmk_Z_49, eye_lmk_Z_50, eye_lmk_Z_51, eye_lmk_Z_52, eye_lmk_Z_53, eye_lmk_Z_54, eye_lmk_Z_55, pose_Tx, pose_Ty, pose_Tz, pose_Rx, pose_Ry, pose_Rz, AU01_r, AU02_r, AU04_r, AU05_r, AU06_r, AU07_r, AU09_r, AU10_r, AU12_r, AU14_r, AU15_r, AU17_r, AU20_r, AU23_r, AU25_r, AU26_r, AU45_r, AU01_c, AU02_c, AU04_c, AU05_c, AU06_c, AU07_c, AU09_c, AU10_c, AU12_c, AU14_c, AU15_c, AU17_c, AU20_c, AU23_c, AU25_c, AU26_c, AU28_c, AU45_c
67,0,2.64,0.98,1,0.3731333613395691,-0.585569,0.259772,-0.767872,-0.619526,0.2117389999999999,-0.755879,-0.669,0.3,459.0,460.7,462.1,462.1,461.0,459.3,457.9,457.8,459.6,459.5,459.3,459.8,460.7,461.4,461.7,459.9,458.3,457.3,457.3,458.2,459.5,459.5,460.1,460.8,461.4,461.3,460.7,460.0,472.2,474.4,476.5,477.4,476.4,474.2,472.1,471.2,470.6,471.8,473.1,474.8,476.7,478.5,479.6,477.0,474.4,472.4,471.0,470.5,473.3,473.7,474.6,475.5,476.0,475.6,474.7,473.7,137.6,136.0,136.6,139.0,141.8,143.7,142.8,140.4,137.5,136.4,136.4,137.5,139.9,142.6,145.4,145.0,143.7,142.2,140.7,139.1,140.2,141.2,141.5,140.8,139.6,138.5,138.3,138.9,158.5,157.0,157.7,160.1,162.9,164.5,163.8,161.4,159.0,158.0,157.9,159.1,161.5,164.0,166.7,166.5,165.5,164.0,162.3,160.7,161.1,162.2,162.5,161.8,160.6,159.5,159.2,159.9,-79.4,-76.6,-74.4,-74.1,-75.8,-78.5,-80.9,-81.2,-78.9,-78.8,-78.7,-77.8,-76.2,-75.1,-74.7,-77.5,-80.1,-81.8,-82.1,-80.9,-78.5,-78.4,-77.4,-76.2,-75.4,-75.6,-76.5,-77.8,-60.9,-57.5,-54.1,-52.8,-54.2,-57.6,-61.0,-62.6,-63.6,-61.7,-59.5,-56.7,-53.7,-51.0,-49.4,-53.4,-57.3,-60.5,-62.7,-63.7,-59.2,-58.6,-57.2,-55.7,-55.0,-55.6,-57.1,-58.6,-369.0,-370.5,-368.4,-364.0,-359.9,-358.0,-360.5,-364.9,-371.3,-371.6,-370.1,-367.1,-362.7,-358.4,-354.3,-355.6,-358.3,-361.5,-364.8,-368.2,-364.5,-362.6,-361.7,-362.3,-364.1,-366.0,-366.9,-366.3,-345.4,-347.2,-345.3,-341.0,-336.7,-334.9,-336.7,-341.0,-345.9,-346.5,-345.5,-342.7,-338.7,-334.8,-331.2,-331.5,-333.3,-335.9,-339.2,-342.6,-341.0,-339.1,-338.3,-339.1,-341.0,-342.9,-343.7,-342.9,1198.0,1195.1,1191.2,1188.6,1188.8,1191.7,1195.6,1198.2,1205.0,1200.8,1196.0,1191.4,1188.5,1187.6,1188.1,1190.2,1192.7,1196.0,1199.4,1202.8,1195.9,1194.7,1193.0,1191.8,1191.7,1192.8,1194.6,1195.8,1225.5,1223.5,1220.6,1218.6,1218.5,1220.5,1223.4,1225.9,1229.9,1226.5,1222.8,1219.2,1217.5,1217.6,1218.9,1219.2,1220.0,1221.7,1224.4,1227.6,1224.1,1223.2,1222.0,1221.1,1221.1,1222.0,1223.3,1224.2,-68.4,-258.6,1013.5,-0.0279999999999999,1.147,0.6779999999999999,0.0,0.0,1.19,0.12,0.57,1.41,0.0,0.84,0.45,1.89,0.9,1.44,0.0,0.0,2.63,1.47,0.26,0.0,1.0,1.0,0.0,0.0,0.0,0.0,0.0,0.0,1.0,1.0,0.0,0.0,0.0,0.0,0.0,0.0,0.0
76,0,3.0,0.93,1,0.3929224610328674,-0.3151199999999999,0.238171,-0.918681,-0.455715,0.21121900000000002,-0.8647030000000001,-0.408,0.247,496.8,498.3,501.0,503.3,503.9,502.6,499.7,497.4,494.0,495.2,497.2,499.7,502.5,504.8,506.4,504.3,501.6,498.9,496.7,495.0,499.2,500.2,501.4,502.1,501.8,500.8,499.6,499.0,533.3,535.2,538.6,541.6,542.4,540.5,537.1,533.9,530.4,532.3,535.0,538.4,541.8,544.8,547.1,544.5,541.3,537.9,534.7,532.1,536.3,537.6,539.1,539.9,539.6,538.3,536.8,536.0,156.8,154.4,153.4,154.6,157.1,159.8,160.5,159.3,158.6,157.0,155.9,155.4,156.0,157.4,159.1,159.5,159.4,159.3,159.3,159.2,158.2,158.7,158.3,157.3,156.1,155.7,156.1,157.1,158.8,155.8,154.8,156.4,159.7,162.7,163.7,162.3,160.5,159.0,157.9,157.7,158.7,160.3,162.2,162.6,162.4,162.1,161.7,161.4,160.7,161.4,161.0,159.7,158.3,157.6,158.0,159.3,-24.1,-21.7,-17.4,-13.7,-12.8,-14.8,-19.4,-23.2,-28.7,-26.7,-23.6,-19.4,-15.0,-11.5,-8.9,-12.2,-16.5,-20.7,-24.3,-27.1,-20.3,-18.7,-16.8,-15.7,-16.2,-17.8,-19.7,-20.7,27.8,30.3,34.8,38.6,39.5,37.0,32.6,28.5,24.1,26.5,29.9,34.3,38.8,42.7,45.8,42.2,38.0,33.6,29.6,26.2,31.7,33.4,35.3,36.4,36.0,34.3,32.4,31.3,-360.7,-364.9,-366.1,-363.8,-359.1,-354.6,-353.7,-356.1,-359.2,-361.0,-362.0,-362.1,-360.8,-358.6,-355.9,-355.0,-355.1,-355.4,-356.2,-357.4,-358.1,-357.0,-357.6,-359.4,-361.4,-362.5,-361.9,-360.1,-293.6,-297.9,-299.0,-296.5,-291.7,-287.5,-286.4,-288.6,-292.0,-293.5,-294.4,-294.2,-292.9,-291.2,-289.1,-288.0,-287.8,-288.2,-289.1,-290.2,-290.9,-289.8,-290.3,-292.2,-294.2,-295.4,-294.8,-293.0,1270.1,1271.2,1270.5,1268.4,1266.2,1265.2,1265.9,1267.9,1275.2,1272.5,1269.6,1267.2,1266.1,1265.8,1265.9,1264.9,1264.6,1265.6,1268.1,1271.5,1268.8,1267.9,1267.6,1268.0,1269.0,1269.9,1270.2,1269.7,1043.2,1044.2,1043.9,1042.3,1040.5,1039.4,1039.8,1041.6,1045.2,1043.4,1041.5,1040.1,1040.1,1041.2,1042.7,1040.4,1038.9,1038.7,1040.1,1042.7,1042.4,1041.7,1041.5,1042.0,1042.8,1043.5,1043.6,1043.2,1.8,-262.2,1065.7,0.067,0.531,0.225,0.0,0.0,0.48,0.6,0.06,1.38,0.0,1.1,0.27,0.0,0.0,0.0,0.0,0.0,1.7,0.0,0.94,0.0,0.0,1.0,0.0,0.0,1.0,0.0,1.0,0.0,0.0,0.0,0.0,0.0,0.0,1.0,0.0,0.0,0.0
77,0,3.04,0.93,1,0.3987796306610107,-0.32684,0.235492,-0.91527,-0.465693,0.2070679999999999,-0.8603799999999999,-0.42,0.244,500.5,502.0,504.7,507.0,507.5,506.2,503.3,501.0,497.7,498.9,500.8,503.4,506.2,508.4,509.9,507.8,505.2,502.5,500.3,498.6,502.9,503.9,505.0,505.7,505.4,504.4,503.3,502.6,536.9,538.8,542.2,545.1,545.9,544.0,540.6,537.4,533.9,535.8,538.5,541.9,545.4,548.4,550.7,548.0,544.8,541.4,538.2,535.6,539.8,541.1,542.6,543.5,543.1,541.8,540.3,539.5,156.7,154.3,153.4,154.5,157.0,159.7,160.4,159.2,158.5,156.9,155.7,155.2,155.9,157.2,159.0,159.5,159.4,159.3,159.3,159.1,158.1,158.6,158.2,157.2,156.0,155.6,156.0,157.0,158.8,155.8,154.8,156.5,159.8,162.8,163.8,162.4,160.6,158.9,157.9,157.7,158.7,160.3,162.3,162.7,162.6,162.3,161.8,161.5,160.8,161.5,161.1,159.8,158.3,157.6,158.0,159.3,-18.3,-16.0,-11.7,-8.0,-7.1,-9.2,-13.7,-17.4,-22.8,-20.8,-17.8,-13.7,-9.3,-5.8,-3.3,-6.6,-10.8,-15.0,-18.6,-21.3,-14.5,-12.9,-11.1,-10.0,-10.4,-12.0,-13.9,-14.9,32.2,34.7,39.1,42.9,43.8,41.3,36.9,32.8,28.5,30.9,34.3,38.6,43.1,47.1,50.1,46.5,42.3,37.9,33.9,30.6,36.0,37.7,39.6,40.7,40.3,38.7,36.7,35.6,-361.4,-365.6,-366.8,-364.4,-359.8,-355.2,-354.4,-356.8,-360.0,-361.9,-362.9,-363.0,-361.6,-359.3,-356.5,-355.5,-355.6,-356.0,-356.8,-358.0,-358.8,-357.7,-358.3,-360.1,-362.1,-363.2,-362.6,-360.8,-291.7,-295.9,-297.1,-294.5,-289.7,-285.6,-284.4,-286.7,-290.0,-291.7,-292.5,-292.4,-291.0,-289.3,-287.2,-285.9,-285.7,-286.0,-287.0,-288.2,-289.0,-287.9,-288.4,-290.2,-292.3,-293.4,-292.9,-291.1,1272.0,1273.0,1272.3,1270.2,1268.0,1267.1,1267.8,1269.9,1277.3,1274.5,1271.5,1269.1,1267.9,1267.6,1267.7,1266.7,1266.5,1267.6,1270.1,1273.5,1270.7,1269.8,1269.4,1269.9,1270.8,1271.7,1272.1,1271.6,1036.4,1037.4,1037.0,1035.5,1033.8,1032.8,1033.2,1034.9,1038.6,1036.7,1034.8,1033.4,1033.4,1034.5,1036.1,1033.8,1032.3,1032.1,1033.5,1036.0,1035.7,1035.0,1034.9,1035.3,1036.0,1036.7,1036.9,1036.5,6.1,-262.9,1067.7,0.064,0.546,0.23800000000000002,0.0,0.0,0.57,0.33,0.0,1.51,0.0,0.9,0.13,0.0,0.0,0.0,0.0,0.0,1.42,0.04,0.71,0.0,0.0,1.0,0.0,0.0,1.0,0.0,1.0,0.0,0.0,0.0,0.0,0.0,0.0,1.0,0.0,0.0,0.0
78,0,3.08,0.88,1,0.3839137554168701,-0.350625,0.23128600000000002,-0.907507,-0.477084,0.210335,-0.853317,-0.439,0.24600000000000002,506.3,507.8,510.5,512.8,513.4,512.1,509.2,506.9,503.6,504.8,506.7,509.2,512.0,514.2,515.8,513.7,511.0,508.4,506.2,504.5,508.7,509.7,510.9,511.6,511.3,510.3,509.1,508.5,542.1,544.0,547.5,550.5,551.4,549.5,546.0,542.7,539.1,541.1,543.8,547.3,550.8,553.9,556.1,553.5,550.3,546.8,543.6,540.9,545.2,546.5,548.0,548.9,548.5,547.2,545.6,544.8,158.4,155.9,155.0,156.1,158.6,161.4,162.1,160.9,160.2,158.5,157.3,156.8,157.5,158.9,160.7,161.2,161.1,161.1,161.0,160.9,159.8,160.3,159.9,158.8,157.7,157.2,157.6,158.7,160.0,156.9,155.9,157.6,161.0,164.1,165.1,163.7,161.8,160.1,159.0,158.8,159.8,161.4,163.4,164.0,163.9,163.6,163.2,162.8,162.0,162.7,162.3,160.9,159.4,158.7,159.2,160.5,-8.9,-6.6,-2.3,1.3,2.2,0.1,-4.4,-8.0,-13.2,-11.3,-8.4,-4.4,0.0,3.5,6.0,2.7,-1.6,-5.7,-9.2,-11.8,-5.1,-3.6,-1.7,-0.7,-1.1,-2.7,-4.5,-5.5,38.5,40.9,45.4,49.2,50.2,47.8,43.4,39.2,34.7,37.2,40.6,45.0,49.5,53.4,56.4,52.9,48.7,44.4,40.3,36.9,42.4,44.1,46.0,47.1,46.6,44.9,43.0,41.9,-354.7,-358.9,-360.2,-357.8,-353.2,-348.6,-347.8,-350.1,-353.3,-355.2,-356.3,-356.4,-355.0,-352.7,-349.8,-348.8,-348.9,-349.2,-350.0,-351.3,-352.1,-351.1,-351.6,-353.5,-355.5,-356.5,-356.0,-354.1,-286.3,-290.5,-291.7,-289.2,-284.4,-280.2,-279.0,-281.2,-284.6,-286.2,-287.1,-287.0,-285.8,-284.1,-282.1,-280.7,-280.3,-280.6,-281.5,-282.6,-283.6,-282.5,-283.0,-284.9,-287.0,-288.1,-287.5,-285.7,1257.9,1258.8,1257.9,1255.8,1253.7,1252.8,1253.6,1255.8,1263.2,1260.5,1257.4,1254.9,1253.6,1253.2,1253.2,1252.4,1252.2,1253.4,1256.0,1259.5,1256.5,1255.6,1255.2,1255.6,1256.5,1257.4,1257.8,1257.4,1022.4,1023.3,1023.1,1021.8,1020.2,1019.3,1019.5,1021.1,1024.5,1022.7,1020.9,1019.6,1019.8,1021.1,1022.9,1020.5,1018.8,1018.5,1019.7,1022.0,1021.9,1021.3,1021.2,1021.6,1022.3,1022.9,1023.0,1022.6,12.9,-261.0,1066.9,0.066,0.575,0.247,0.0,0.0,0.66,0.18,0.0,1.49,0.01,0.75,0.1,0.0,0.0,0.0,0.0,0.0,1.17,0.04,0.33,0.0,0.0,1.0,0.0,0.0,1.0,0.0,1.0,0.0,0.0,0.0,0.0,0.0,0.0,1.0,0.0,0.0,0.0
79,0,3.12,0.88,1,0.3595568537712097,-0.365869,0.213466,-0.905854,-0.48837700000000006,0.195877,-0.8503649999999999,-0.4529999999999999,0.2289999999999999,508.8,510.3,513.1,515.3,515.8,514.4,511.5,509.2,506.1,507.3,509.1,511.6,514.4,516.7,518.3,516.1,513.4,510.7,508.5,506.9,511.1,512.1,513.3,514.0,513.8,512.8,511.6,510.9,544.7,546.6,550.2,553.2,554.1,552.2,548.6,545.3,541.6,543.6,546.4,549.9,553.5,556.6,558.9,556.2,552.9,549.5,546.2,543.4,547.8,549.1,550.7,551.5,551.2,549.8,548.3,547.4,159.2,156.7,155.8,156.9,159.6,162.4,163.0,161.8,161.0,159.3,158.2,157.7,158.4,159.8,161.7,162.2,162.1,162.0,161.9,161.7,160.7,161.2,160.8,159.7,158.5,158.0,158.4,159.5,161.2,158.1,157.1,158.8,162.3,165.4,166.4,165.0,163.0,161.3,160.2,160.0,161.1,162.7,164.8,165.3,165.2,164.9,164.4,164.0,163.3,164.0,163.6,162.2,160.7,159.9,160.4,161.8,-5.0,-2.6,1.6,5.1,5.9,3.7,-0.8,-4.3,-9.1,-7.3,-4.5,-0.6,3.8,7.2,9.7,6.3,2.1,-2.0,-5.4,-7.8,-1.3,0.2,2.0,3.1,2.8,1.3,-0.6,-1.7,41.0,43.5,47.9,51.7,52.7,50.2,45.8,41.7,37.2,39.7,43.1,47.5,52.0,56.0,58.9,55.4,51.2,46.8,42.8,39.4,44.9,46.6,48.5,49.6,49.2,47.5,45.5,44.5,-346.4,-350.5,-351.6,-349.1,-344.5,-340.0,-339.2,-341.7,-345.1,-346.9,-347.8,-347.8,-346.3,-343.9,-341.0,-340.1,-340.3,-340.8,-341.7,-343.0,-343.6,-342.6,-343.1,-344.9,-346.9,-348.0,-347.5,-345.7,-279.6,-283.8,-285.0,-282.5,-277.7,-273.5,-272.3,-274.6,-278.0,-279.6,-280.5,-280.3,-279.1,-277.4,-275.3,-274.0,-273.6,-273.9,-274.9,-276.0,-276.9,-275.8,-276.3,-278.2,-280.3,-281.4,-280.9,-279.0,1232.7,1233.4,1232.4,1230.1,1227.9,1227.2,1228.2,1230.5,1238.2,1235.3,1232.1,1229.4,1227.9,1227.4,1227.4,1226.7,1226.7,1228.0,1230.8,1234.4,1231.1,1230.1,1229.6,1230.0,1230.9,1231.9,1232.4,1232.0,1004.2,1005.2,1004.9,1003.6,1001.9,1001.0,1001.3,1002.8,1006.3,1004.5,1002.7,1001.4,1001.5,1002.8,1004.5,1002.1,1000.5,1000.2,1001.4,1003.8,1003.7,1003.1,1002.9,1003.4,1004.1,1004.7,1004.8,1004.4,15.7,-260.6,1065.7,0.05,0.579,0.27,0.0,0.0,0.76,0.0,0.0,1.55,0.09,0.51,0.09,0.0,0.0,0.0,0.0,0.0,0.86,0.04,0.17,0.0,0.0,1.0,0.0,0.0,1.0,0.0,1.0,0.0,0.0,0.0,0.0,0.0,0.0,1.0,0.0,0.0,0.0
80,0,3.16,0.88,1,0.35346001386642456,-0.363092,0.21654600000000002,-0.906241,-0.48874300000000004,0.194952,-0.850367,-0.452,0.23,510.3,511.9,514.7,517.0,517.5,516.1,513.1,510.8,507.6,508.8,510.7,513.2,516.1,518.4,520.0,517.8,515.0,512.3,510.0,508.4,512.7,513.7,514.9,515.6,515.4,514.4,513.2,512.5,546.7,548.6,552.2,555.3,556.1,554.1,550.5,547.2,543.5,545.6,548.4,551.9,555.5,558.6,560.9,558.2,554.9,551.4,548.1,545.3,549.7,551.1,552.6,553.5,553.2,551.8,550.3,549.4,159.4,156.9,155.9,157.2,159.9,162.7,163.4,162.1,161.2,159.5,158.4,157.9,158.6,160.1,162.1,162.5,162.4,162.3,162.2,161.9,161.0,161.5,161.1,160.0,158.8,158.3,158.7,159.8,162.0,158.8,157.8,159.6,163.1,166.3,167.2,165.7,163.7,162.0,161.0,160.9,161.9,163.6,165.7,166.2,166.1,165.8,165.2,164.8,164.0,164.8,164.4,163.0,161.5,160.7,161.1,162.5,-2.6,-0.1,4.1,7.6,8.3,6.2,1.7,-1.8,-6.7,-4.9,-2.0,1.9,6.2,9.6,12.1,8.7,4.5,0.4,-3.0,-5.4,1.1,2.6,4.5,5.5,5.2,3.7,1.8,0.8,43.2,45.7,50.2,53.9,54.8,52.3,47.9,43.8,39.4,41.9,45.3,49.7,54.1,58.1,61.0,57.5,53.3,48.9,44.9,41.5,47.0,48.7,50.6,51.7,51.3,49.7,47.7,46.7,-341.4,-345.5,-346.6,-344.1,-339.4,-335.0,-334.3,-336.8,-340.3,-342.1,-342.9,-342.8,-341.3,-338.9,-336.0,-335.1,-335.3,-335.8,-336.7,-338.2,-338.7,-337.6,-338.1,-339.9,-341.9,-343.0,-342.5,-340.7,-277.0,-281.1,-282.2,-279.6,-274.8,-270.7,-269.6,-271.9,-275.4,-276.9,-277.8,-277.5,-276.2,-274.5,-272.4,-271.1,-270.7,-271.1,-272.1,-273.4,-274.2,-273.1,-273.6,-275.4,-277.5,-278.6,-278.1,-276.3,1216.3,1217.0,1215.9,1213.7,1211.7,1211.0,1212.1,1214.3,1221.9,1219.0,1215.7,1213.0,1211.6,1211.2,1211.2,1210.5,1210.5,1211.8,1214.5,1218.1,1214.8,1213.9,1213.4,1213.7,1214.6,1215.6,1216.0,1215.7,997.9,998.7,998.4,997.0,995.5,994.7,995.1,996.6,1000.0,998.2,996.3,995.0,995.1,996.4,998.1,995.8,994.2,993.9,995.2,997.6,997.3,996.8,996.6,997.0,997.6,998.2,998.4,998.0,17.7,-260.0,1065.5,0.051,0.5720000000000001,0.276,0.0,0.0,0.77,0.0,0.0,1.64,0.15,0.4,0.09,0.0,0.0,0.0,0.0,0.0,0.9,0.0,0.3,0.0,0.0,1.0,0.0,0.0,1.0,0.0,0.0,0.0,0.0,0.0,0.0,0.0,0.0,1.0,0.0,0.0,0.0
81,0,3.2,0.93,1,0.3626139760017395,-0.350553,0.223471,-0.9094909999999999,-0.4826979999999999,0.200071,-0.852628,-0.442,0.23600000000000002,511.5,513.1,515.9,518.3,518.8,517.5,514.5,512.1,508.7,509.9,511.9,514.5,517.4,519.7,521.4,519.2,516.4,513.7,511.4,509.6,514.0,515.0,516.3,517.0,516.7,515.7,514.4,513.8,548.5,550.4,554.0,557.0,557.8,555.8,552.3,549.0,545.4,547.4,550.2,553.7,557.3,560.4,562.6,559.9,556.6,553.2,549.9,547.2,551.5,552.9,554.4,555.3,554.9,553.6,552.0,551.2,160.0,157.5,156.5,157.7,160.4,163.3,164.0,162.7,161.8,160.1,159.0,158.5,159.2,160.7,162.6,163.1,163.0,162.9,162.8,162.5,161.5,162.1,161.7,160.5,159.4,158.8,159.2,160.4,162.5,159.4,158.4,160.2,163.7,166.8,167.8,166.2,164.2,162.6,161.6,161.5,162.5,164.2,166.2,166.7,166.7,166.3,165.8,165.3,164.6,165.3,164.9,163.6,162.0,161.3,161.7,163.0,-0.7,1.7,5.9,9.5,10.4,8.3,3.8,0.2,-5.0,-3.1,-0.2,3.9,8.2,11.7,14.2,10.9,6.7,2.5,-1.0,-3.6,3.0,4.6,6.5,7.5,7.2,5.6,3.7,2.7,45.9,48.4,52.9,56.6,57.5,55.0,50.6,46.6,42.2,44.6,48.0,52.4,56.9,60.8,63.8,60.2,56.0,51.7,47.6,44.3,49.8,51.4,53.4,54.4,54.1,52.4,50.5,49.4,-341.1,-345.2,-346.4,-344.0,-339.3,-334.8,-334.0,-336.4,-339.9,-341.6,-342.5,-342.5,-341.1,-338.8,-336.0,-335.0,-335.1,-335.5,-336.4,-337.8,-338.4,-337.3,-337.9,-339.7,-341.7,-342.8,-342.3,-340.5,-278.9,-283.1,-284.2,-281.6,-276.8,-272.7,-271.6,-273.9,-277.4,-278.9,-279.7,-279.5,-278.1,-276.4,-274.4,-273.1,-272.7,-273.1,-274.1,-275.4,-276.2,-275.1,-275.6,-277.4,-279.5,-280.6,-280.1,-278.3,1218.3,1219.1,1218.2,1216.2,1214.2,1213.4,1214.3,1216.3,1223.7,1220.8,1217.7,1215.2,1214.0,1213.7,1213.9,1213.0,1212.8,1214.0,1216.5,1220.0,1217.0,1216.1,1215.7,1216.1,1216.9,1217.8,1218.2,1217.9,1007.5,1008.3,1008.0,1006.7,1005.2,1004.4,1004.7,1006.3,1009.7,1007.8,1005.9,1004.6,1004.7,1006.0,1007.8,1005.4,1003.9,1003.6,1004.8,1007.2,1007.0,1006.4,1006.3,1006.6,1007.3,1007.8,1008.0,1007.6,19.9,-258.1,1063.5,0.057,0.5589999999999999,0.268,0.0,0.0,0.83,0.0,0.01,1.73,0.16,0.45,0.01,0.0,0.0,0.0,0.0,0.0,0.99,0.0,0.42,0.0,0.0,1.0,0.0,0.0,1.0,0.0,0.0,0.0,0.0,0.0,0.0,0.0,0.0,1.0,0.0,0.0,0.0
82,0,3.24,0.93,1,0.369774341583252,-0.310815,0.252243,-0.9163879999999999,-0.44905600000000007,0.225429,-0.864599,-0.4029999999999999,0.262,512.3,513.8,516.6,519.1,519.8,518.5,515.5,513.0,509.3,510.7,512.7,515.4,518.4,520.7,522.3,520.2,517.4,514.6,512.3,510.4,514.8,515.9,517.1,517.8,517.5,516.4,515.2,514.5,550.4,552.3,555.8,558.8,559.6,557.8,554.3,551.0,547.4,549.4,552.1,555.6,559.1,562.1,564.3,561.7,558.5,555.2,551.9,549.2,553.5,554.8,556.3,557.1,556.8,555.4,553.9,553.1,159.8,157.2,156.3,157.5,160.2,163.1,163.8,162.6,161.5,159.9,158.8,158.3,159.0,160.5,162.3,162.9,162.8,162.8,162.6,162.3,161.3,161.9,161.5,160.3,159.1,158.6,159.0,160.1,162.7,159.6,158.7,160.4,163.8,166.9,167.8,166.4,164.4,162.8,161.7,161.6,162.6,164.2,166.2,166.8,166.8,166.4,165.9,165.5,164.7,165.5,165.0,163.7,162.2,161.5,161.9,163.2,0.5,2.8,7.0,10.8,11.8,9.8,5.3,1.5,-4.1,-2.1,1.1,5.2,9.7,13.2,15.7,12.5,8.2,4.0,0.4,-2.4,4.3,6.0,7.9,8.9,8.4,6.8,4.9,3.9,49.2,51.7,56.1,59.9,60.9,58.5,54.0,49.9,45.4,47.9,51.3,55.7,60.2,64.2,67.1,63.6,59.4,55.1,51.0,47.6,53.1,54.8,56.7,57.8,57.4,55.7,53.7,52.7,-342.4,-346.6,-347.9,-345.5,-340.8,-336.3,-335.4,-337.8,-341.3,-343.0,-343.8,-343.9,-342.6,-340.4,-337.7,-336.6,-336.5,-336.8,-337.7,-339.2,-339.8,-338.8,-339.4,-341.2,-343.2,-344.3,-343.7,-341.9,-283.5,-287.7,-288.9,-286.3,-281.6,-277.4,-276.2,-278.5,-281.8,-283.5,-284.3,-284.2,-282.9,-281.3,-279.2,-277.8,-277.4,-277.7,-278.7,-279.9,-280.8,-279.7,-280.2,-282.1,-284.1,-285.2,-284.7,-282.9,1222.0,1222.8,1222.1,1220.4,1218.6,1217.9,1218.5,1220.2,1227.2,1224.4,1221.4,1219.1,1218.2,1218.2,1218.7,1217.6,1217.2,1218.0,1220.3,1223.7,1221.0,1220.2,1219.9,1220.3,1221.1,1221.8,1222.1,1221.8,1024.9,1025.8,1025.5,1024.3,1022.9,1022.0,1022.2,1023.7,1027.0,1025.2,1023.4,1022.2,1022.4,1023.8,1025.6,1023.2,1021.5,1021.1,1022.3,1024.6,1024.5,1023.9,1023.8,1024.2,1024.9,1025.4,1025.5,1025.1,23.6,-260.7,1076.2,0.105,0.508,0.231,0.0,0.0,0.89,0.0,0.01,1.71,0.08,0.42,0.0,0.0,0.0,0.0,0.0,0.0,1.27,0.0,0.65,0.0,0.0,1.0,0.0,0.0,1.0,0.0,0.0,0.0,0.0,0.0,0.0,0.0,0.0,1.0,0.0,0.0,0.0
83,0,3.28,0.93,1,0.354489803314209,-0.319454,0.261806,-0.910718,-0.459821,0.2318219999999999,-0.8572190000000001,-0.415,0.272,515.3,516.8,519.6,522.0,522.7,521.4,518.4,516.0,512.4,513.7,515.7,518.4,521.3,523.6,525.2,523.0,520.3,517.6,515.2,513.4,517.8,518.9,520.1,520.7,520.4,519.4,518.2,517.5,552.8,554.7,558.2,561.2,562.0,560.1,556.7,553.4,549.8,551.8,554.5,557.9,561.5,564.5,566.7,564.1,560.9,557.5,554.3,551.6,555.8,557.2,558.7,559.5,559.1,557.8,556.3,555.5,161.3,158.7,157.7,159.0,161.7,164.5,165.2,164.0,162.9,161.2,160.1,159.7,160.4,161.9,163.8,164.4,164.4,164.3,164.1,163.7,162.8,163.3,162.9,161.7,160.6,160.0,160.4,161.6,164.2,161.1,160.1,161.9,165.3,168.4,169.4,167.9,165.9,164.2,163.1,163.0,164.0,165.6,167.7,168.4,168.4,168.1,167.6,167.0,166.2,166.9,166.5,165.2,163.7,162.9,163.3,164.7,5.1,7.4,11.6,15.3,16.3,14.4,9.8,6.1,0.6,2.6,5.7,9.8,14.2,17.7,20.2,16.9,12.7,8.5,5.0,2.2,8.9,10.6,12.4,13.4,13.0,11.4,9.5,8.5,52.3,54.8,59.2,62.9,63.9,61.5,57.1,53.0,48.6,51.0,54.3,58.7,63.2,67.2,70.1,66.6,62.4,58.1,54.0,50.7,56.2,57.8,59.7,60.8,60.4,58.7,56.8,55.7,-342.5,-346.7,-347.9,-345.5,-340.9,-336.3,-335.5,-337.9,-341.5,-343.3,-344.1,-344.1,-342.7,-340.5,-337.7,-336.5,-336.4,-336.7,-337.7,-339.2,-340.0,-338.9,-339.4,-341.3,-343.3,-344.4,-343.8,-342.0,-281.6,-285.8,-286.9,-284.4,-279.6,-275.5,-274.4,-276.6,-280.0,-281.7,-282.6,-282.4,-281.1,-279.5,-277.3,-275.8,-275.3,-275.6,-276.6,-278.0,-279.0,-277.9,-278.4,-280.2,-282.3,-283.4,-282.9,-281.1,1230.2,1230.9,1230.1,1228.3,1226.6,1226.0,1226.7,1228.5,1235.5,1232.7,1229.6,1227.2,1226.3,1226.3,1226.7,1225.7,1225.3,1226.3,1228.6,1232.0,1229.2,1228.4,1228.1,1228.4,1229.1,1229.9,1230.2,1229.9,1025.0,1025.7,1025.4,1024.2,1022.9,1022.2,1022.5,1024.0,1027.2,1025.4,1023.5,1022.2,1022.4,1023.8,1025.6,1023.3,1021.7,1021.4,1022.5,1024.9,1024.7,1024.1,1024.0,1024.3,1024.9,1025.4,1025.5,1025.2,27.4,-260.2,1082.2,0.1159999999999999,0.525,0.2269999999999999,0.0,0.0,0.93,0.0,0.01,1.83,0.01,0.31,0.0,0.0,0.0,0.0,0.0,0.0,1.44,0.0,0.83,0.0,0.0,1.0,0.0,0.0,1.0,0.0,0.0,0.0,0.0,0.0,0.0,0.0,0.0,1.0,0.0,0.0,0.0
84,0,3.32,0.93,1,0.3616563081741333,-0.32474200000000003,0.269352,-0.9066379999999999,-0.4648609999999999,0.238161,-0.852751,-0.42200000000000004,0.281,517.0,518.5,521.2,523.6,524.3,523.0,520.0,517.6,514.0,515.3,517.3,520.0,522.9,525.2,526.8,524.6,521.9,519.1,516.8,515.1,519.4,520.5,521.7,522.4,522.1,521.0,519.8,519.2,554.6,556.4,559.9,562.9,563.7,561.9,558.4,555.1,551.5,553.5,556.2,559.7,563.2,566.3,568.5,565.9,562.6,559.2,556.0,553.3,557.6,558.9,560.4,561.3,560.9,559.6,558.1,557.2,162.4,159.8,158.9,160.2,162.9,165.7,166.4,165.1,164.0,162.4,161.3,160.9,161.6,163.1,165.0,165.6,165.5,165.5,165.3,164.8,163.9,164.5,164.1,162.9,161.8,161.2,161.6,162.7,165.5,162.3,161.4,163.1,166.6,169.7,170.7,169.2,167.2,165.5,164.4,164.2,165.3,166.9,169.0,169.7,169.7,169.4,168.9,168.3,167.5,168.2,167.8,166.5,164.9,164.2,164.6,166.0,7.6,9.9,14.2,17.9,18.8,16.8,12.3,8.6,3.1,5.1,8.2,12.3,16.7,20.2,22.7,19.3,15.1,11.0,7.4,4.7,11.4,13.0,14.9,15.9,15.5,13.9,12.0,11.0,54.2,56.6,61.0,64.8,65.8,63.3,59.0,54.9,50.4,52.9,56.2,60.6,65.1,69.1,72.0,68.5,64.3,60.0,55.9,52.6,58.0,59.7,61.6,62.7,62.3,60.6,58.7,57.6,-341.0,-345.1,-346.3,-343.9,-339.2,-334.7,-333.9,-336.3,-340.0,-341.7,-342.5,-342.5,-341.1,-338.8,-336.0,-334.8,-334.8,-335.2,-336.2,-337.7,-338.4,-337.3,-337.8,-339.6,-341.7,-342.7,-342.2,-340.4,-278.4,-282.5,-283.7,-281.1,-276.4,-272.2,-271.1,-273.4,-276.8,-278.4,-279.3,-279.2,-277.9,-276.2,-274.1,-272.6,-272.1,-272.4,-273.4,-274.7,-275.7,-274.6,-275.1,-276.9,-279.0,-280.1,-279.6,-277.8,1231.0,1231.6,1230.9,1229.1,1227.3,1226.7,1227.5,1229.2,1236.3,1233.4,1230.4,1228.0,1227.0,1227.0,1227.4,1226.4,1226.0,1227.0,1229.4,1232.7,1229.9,1229.1,1228.8,1229.1,1229.9,1230.6,1231.0,1230.7,1019.1,1019.7,1019.4,1018.2,1016.9,1016.2,1016.6,1018.0,1021.3,1019.4,1017.5,1016.2,1016.4,1017.8,1019.7,1017.4,1015.7,1015.4,1016.6,1018.9,1018.7,1018.2,1018.0,1018.3,1018.9,1019.4,1019.5,1019.3,29.4,-255.2,1070.5,0.125,0.54,0.221,0.0,0.0,0.87,0.0,0.0,1.85,0.0,0.24,0.0,0.0,0.0,0.0,0.0,0.0,1.42,0.0,0.9,0.0,0.0,1.0,0.0,0.0,1.0,0.0,0.0,0.0,0.0,0.0,0.0,0.0,0.0,1.0,0.0,0.0,0.0
85,0,3.36,0.93,1,0.3516455888748169,-0.335889,0.264206,-0.9040870000000001,-0.474944,0.2324429999999999,-0.8487629999999999,-0.433,0.276,518.0,519.5,522.2,524.6,525.2,523.9,520.9,518.6,515.1,516.4,518.3,521.0,523.9,526.1,527.7,525.5,522.8,520.1,517.8,516.1,520.4,521.5,522.7,523.3,523.1,522.0,520.8,520.2,555.4,557.3,560.8,563.8,564.5,562.6,559.2,555.9,552.4,554.3,557.0,560.5,564.0,567.1,569.3,566.6,563.4,560.0,556.8,554.1,558.4,559.7,561.2,562.1,561.7,560.4,558.9,558.1,162.8,160.2,159.3,160.6,163.3,166.1,166.8,165.5,164.4,162.8,161.7,161.3,162.0,163.5,165.4,166.0,165.9,165.8,165.6,165.2,164.3,164.9,164.5,163.3,162.1,161.6,162.0,163.1,165.9,162.8,161.9,163.6,167.1,170.2,171.1,169.6,167.7,166.0,164.9,164.7,165.8,167.4,169.5,170.2,170.2,169.9,169.3,168.8,168.0,168.7,168.3,167.0,165.4,164.7,165.1,166.5,9.2,11.6,15.8,19.5,20.4,18.3,13.8,10.2,4.9,6.8,9.8,13.9,18.3,21.7,24.2,20.9,16.6,12.5,9.0,6.4,13.0,14.6,16.5,17.5,17.1,15.5,13.6,12.6,55.4,57.8,62.3,66.0,66.9,64.4,60.1,56.0,51.6,54.0,57.4,61.7,66.2,70.2,73.2,69.6,65.4,61.1,57.0,53.7,59.2,60.8,62.8,63.9,63.5,61.8,59.9,58.8,-342.0,-346.1,-347.3,-344.8,-340.1,-335.6,-334.8,-337.3,-341.0,-342.7,-343.5,-343.4,-342.0,-339.7,-336.9,-335.7,-335.8,-336.2,-337.1,-338.7,-339.3,-338.2,-338.7,-340.6,-342.6,-343.7,-343.2,-341.4,-278.4,-282.5,-283.6,-281.0,-276.3,-272.1,-271.0,-273.3,-276.8,-278.4,-279.3,-279.1,-277.8,-276.1,-273.9,-272.5,-272.0,-272.3,-273.4,-274.7,-275.7,-274.5,-275.0,-276.8,-278.9,-280.0,-279.6,-277.7,1236.7,1237.3,1236.4,1234.6,1232.8,1232.2,1233.0,1234.9,1242.1,1239.2,1236.0,1233.6,1232.5,1232.4,1232.7,1231.8,1231.6,1232.6,1235.1,1238.5,1235.5,1234.7,1234.3,1234.6,1235.4,1236.2,1236.6,1236.3,1021.2,1021.9,1021.5,1020.2,1018.9,1018.2,1018.6,1020.1,1023.4,1021.6,1019.6,1018.3,1018.4,1019.7,1021.5,1019.3,1017.7,1017.4,1018.7,1021.0,1020.8,1020.2,1020.0,1020.3,1020.9,1021.5,1021.6,1021.3,30.5,-254.0,1067.1,0.115,0.555,0.2239999999999999,0.0,0.0,0.76,0.0,0.0,1.62,0.0,0.29,0.0,0.0,0.0,0.03,0.0,0.0,1.22,0.0,0.79,0.0,0.0,1.0,0.0,0.0,1.0,0.0,0.0,0.0,0.0,0.0,0.0,0.0,0.0,1.0,0.0,0.0,0.0
86,0,3.4,0.88,1,0.361505389213562,-0.35543,0.24497800000000003,-0.9020290000000001,-0.4861939999999999,0.2188699999999999,-0.8459969999999999,-0.449,0.259,518.1,519.7,522.4,524.8,525.3,524.0,521.0,518.6,515.3,516.5,518.5,521.1,524.0,526.2,527.8,525.6,522.9,520.2,517.9,516.2,520.5,521.6,522.8,523.5,523.2,522.2,521.0,520.3,555.3,557.2,560.8,563.8,564.6,562.7,559.1,555.9,552.2,554.2,557.0,560.5,564.1,567.2,569.4,566.7,563.4,560.0,556.7,554.0,558.4,559.7,561.2,562.1,561.7,560.4,558.9,558.0,163.5,161.0,160.1,161.3,164.0,166.9,167.5,166.2,165.2,163.5,162.4,162.0,162.8,164.3,166.2,166.7,166.6,166.5,166.3,166.0,165.1,165.6,165.2,164.1,162.9,162.4,162.7,163.9,166.6,163.4,162.5,164.2,167.7,170.9,171.8,170.3,168.3,166.6,165.5,165.4,166.4,168.1,170.2,170.8,170.8,170.5,169.9,169.4,168.6,169.4,169.0,167.6,166.1,165.3,165.7,167.1,9.3,11.7,16.0,19.5,20.3,18.3,13.7,10.2,5.1,7.0,9.9,13.9,18.3,21.7,24.2,20.8,16.6,12.5,9.0,6.5,13.1,14.6,16.5,17.5,17.2,15.6,13.8,12.7,54.4,56.9,61.3,65.1,66.0,63.5,59.1,55.1,50.7,53.1,56.5,60.8,65.3,69.3,72.2,68.7,64.5,60.1,56.1,52.8,58.3,59.9,61.8,62.9,62.5,60.9,58.9,57.9,-338.0,-342.1,-343.2,-340.7,-336.0,-331.6,-330.8,-333.3,-336.9,-338.7,-339.5,-339.4,-337.9,-335.6,-332.7,-331.7,-331.8,-332.2,-333.2,-334.7,-335.3,-334.2,-334.7,-336.5,-338.5,-339.6,-339.1,-337.3,-273.4,-277.6,-278.7,-276.1,-271.4,-267.2,-266.1,-268.4,-271.8,-273.5,-274.3,-274.2,-272.8,-271.1,-269.0,-267.6,-267.2,-267.5,-268.5,-269.8,-270.7,-269.6,-270.1,-271.9,-274.0,-275.1,-274.6,-272.8,1226.4,1227.0,1226.1,1224.1,1222.2,1221.6,1222.5,1224.5,1231.8,1228.9,1225.8,1223.2,1222.0,1221.8,1222.0,1221.2,1221.0,1222.2,1224.7,1228.2,1225.1,1224.2,1223.8,1224.1,1224.9,1225.8,1226.2,1225.9,1006.0,1006.8,1006.4,1005.2,1003.7,1003.0,1003.4,1004.9,1008.2,1006.4,1004.5,1003.2,1003.3,1004.6,1006.4,1004.1,1002.5,1002.2,1003.4,1005.8,1005.6,1005.0,1004.8,1005.2,1005.8,1006.4,1006.5,1006.2,29.6,-249.5,1051.4,0.091,0.5770000000000001,0.242,0.0,0.0,0.7,0.0,0.0,1.31,0.0,0.38,0.0,0.0,0.0,0.19,0.0,0.0,0.9,0.07,0.69,0.0,0.0,1.0,0.0,0.0,1.0,0.0,0.0,0.0,0.0,0.0,0.0,0.0,0.0,0.0,0.0,0.0,0.0
87,0,3.44,0.88,1,0.3525081276893616,-0.38395300000000004,0.2489869999999999,-0.889149,-0.510008,0.219815,-0.831609,-0.479,0.266,518.2,519.7,522.4,524.6,525.1,523.8,520.9,518.7,515.6,516.7,518.5,521.0,523.7,526.0,527.5,525.4,522.7,520.1,517.9,516.4,520.5,521.5,522.7,523.3,523.1,522.1,521.0,520.3,554.3,556.3,559.7,562.7,563.3,561.4,557.9,554.7,551.3,553.2,555.9,559.3,562.8,565.9,568.2,565.4,562.1,558.7,555.6,553.0,557.3,558.5,560.1,560.9,560.6,559.3,557.8,557.0,163.8,161.3,160.4,161.7,164.3,167.1,167.7,166.5,165.5,163.9,162.8,162.4,163.1,164.6,166.4,167.0,166.9,166.8,166.6,166.3,165.3,165.9,165.5,164.4,163.2,162.7,163.1,164.2,167.0,164.0,163.1,164.8,168.3,171.4,172.3,170.7,168.7,167.1,166.0,166.0,167.1,168.7,170.8,171.4,171.3,171.0,170.4,169.8,169.1,169.9,169.5,168.1,166.6,165.8,166.2,167.6,9.7,12.1,16.2,19.7,20.5,18.4,13.9,10.4,5.7,7.4,10.2,14.1,18.4,21.8,24.3,20.9,16.7,12.6,9.3,6.9,13.3,14.9,16.7,17.7,17.4,15.9,14.1,13.0,54.0,56.6,60.9,64.6,65.4,62.8,58.5,54.5,50.3,52.7,56.0,60.2,64.7,68.7,71.7,68.0,63.8,59.4,55.5,52.3,57.8,59.4,61.3,62.4,62.1,60.4,58.5,57.4,-345.6,-349.7,-350.8,-348.2,-343.5,-339.1,-338.4,-340.9,-344.6,-346.3,-347.1,-347.0,-345.4,-343.0,-340.1,-339.1,-339.3,-339.8,-340.8,-342.4,-342.9,-341.8,-342.2,-344.0,-346.1,-347.2,-346.7,-344.9,-277.1,-281.2,-282.2,-279.5,-274.7,-270.6,-269.7,-272.1,-275.6,-277.1,-277.9,-277.6,-276.2,-274.4,-272.2,-270.8,-270.5,-271.0,-272.1,-273.5,-274.3,-273.1,-273.6,-275.3,-277.4,-278.6,-278.2,-276.4,1255.8,1256.3,1255.2,1253.0,1251.1,1250.6,1251.8,1253.9,1261.5,1258.5,1255.1,1252.4,1251.0,1250.6,1250.7,1250.1,1250.1,1251.5,1254.2,1257.8,1254.4,1253.4,1252.9,1253.1,1254.0,1254.9,1255.4,1255.2,1021.7,1022.3,1021.7,1020.3,1018.8,1018.2,1018.8,1020.5,1024.1,1022.1,1020.0,1018.5,1018.4,1019.5,1021.2,1019.1,1017.7,1017.6,1019.0,1021.6,1021.0,1020.4,1020.1,1020.4,1021.0,1021.7,1021.9,1021.7,28.1,-246.8,1043.1,0.087,0.615,0.253,0.04,0.0,0.71,0.0,0.0,1.07,0.0,0.45,0.0,0.0,0.11,0.41,0.04,0.0,0.66,0.34,0.64,0.0,0.0,1.0,0.0,0.0,1.0,0.0,0.0,0.0,0.0,0.0,0.0,0.0,0.0,0.0,0.0,0.0,0.0
88,0,3.48,0.88,1,0.3513302803039551,-0.416351,0.2565489999999999,-0.872258,-0.5406770000000001,0.222142,-0.81137,-0.517,0.2769999999999999,518.0,519.5,522.0,524.1,524.5,523.2,520.4,518.4,515.7,516.7,518.3,520.6,523.2,525.3,526.8,524.7,522.1,519.6,517.6,516.3,520.2,521.1,522.2,522.9,522.7,521.8,520.7,520.0,552.6,554.6,557.9,560.7,561.3,559.3,556.0,553.0,549.9,551.6,554.1,557.3,560.8,563.9,566.1,563.3,560.0,556.7,553.7,551.3,555.5,556.7,558.2,559.0,558.8,557.6,556.1,555.2,164.1,161.6,160.7,161.9,164.5,167.2,167.8,166.6,165.7,164.1,163.0,162.5,163.2,164.7,166.6,167.1,167.0,167.0,166.8,166.5,165.5,166.0,165.6,164.6,163.4,162.9,163.3,164.4,167.0,164.0,163.1,164.9,168.2,171.3,172.1,170.6,168.7,167.0,166.0,165.9,167.0,168.7,170.7,171.4,171.3,171.0,170.4,169.8,169.0,169.8,169.4,168.1,166.6,165.8,166.2,167.5,9.6,12.0,16.1,19.4,20.0,17.8,13.5,10.2,6.0,7.5,10.0,13.7,17.9,21.3,23.7,20.3,16.1,12.1,9.0,6.9,13.1,14.6,16.3,17.4,17.1,15.7,13.9,12.8,52.9,55.4,59.7,63.3,63.9,61.4,57.1,53.3,49.4,51.6,54.6,58.8,63.2,67.3,70.3,66.6,62.2,57.9,54.1,51.1,56.5,58.1,60.0,61.1,60.8,59.2,57.4,56.2,-353.0,-357.1,-358.1,-355.5,-350.9,-346.5,-345.8,-348.4,-352.0,-353.8,-354.6,-354.5,-352.9,-350.4,-347.3,-346.4,-346.6,-347.1,-348.2,-349.7,-350.3,-349.1,-349.6,-351.3,-353.4,-354.5,-354.1,-352.3,-282.4,-286.4,-287.3,-284.5,-279.7,-275.7,-274.8,-277.3,-280.8,-282.4,-283.2,-282.8,-281.3,-279.3,-277.0,-275.7,-275.5,-276.0,-277.2,-278.7,-279.5,-278.3,-278.7,-280.4,-282.5,-283.7,-283.3,-281.6,1284.1,1284.5,1283.1,1280.6,1278.6,1278.3,1279.7,1282.1,1290.0,1286.9,1283.5,1280.5,1278.7,1278.1,1277.9,1277.5,1277.8,1279.5,1282.4,1286.2,1282.4,1281.3,1280.7,1280.9,1281.7,1282.8,1283.4,1283.2,1040.9,1041.3,1040.4,1038.7,1037.2,1036.8,1037.8,1039.7,1043.6,1041.4,1039.1,1037.3,1036.9,1037.7,1039.2,1037.3,1036.2,1036.5,1038.2,1040.9,1040.0,1039.3,1038.9,1039.0,1039.7,1040.4,1040.8,1040.7,26.1,-241.1,1024.7,0.086,0.669,0.257,0.3,0.0,0.78,0.17,0.0,0.73,0.0,0.38,0.0,0.0,0.35,0.51,0.17,0.0,0.37,0.86,0.56,0.0,0.0,1.0,0.0,0.0,1.0,0.0,0.0,0.0,0.0,0.0,0.0,0.0,0.0,0.0,0.0,0.0,0.0
89,0,3.52,0.98,1,0.3380793929100037,-0.444111,0.258873,-0.857759,-0.568442,0.21211300000000002,-0.79491,-0.55,0.278,517.3,518.9,521.3,523.2,523.4,522.0,519.4,517.6,515.4,516.2,517.7,519.8,522.3,524.2,525.6,523.5,520.9,518.6,516.8,515.8,519.4,520.2,521.3,521.9,521.8,521.0,520.0,519.3,549.8,551.8,555.0,557.5,557.9,555.9,552.6,549.9,547.2,548.8,551.1,554.1,557.5,560.4,562.6,559.8,556.5,553.3,550.5,548.4,552.4,553.5,554.9,555.8,555.7,554.6,553.2,552.3,163.3,160.9,160.1,161.3,163.9,166.5,167.0,165.8,164.9,163.2,162.1,161.7,162.5,164.0,166.0,166.5,166.4,166.3,166.1,165.7,164.7,165.3,164.9,163.9,162.8,162.3,162.6,163.6,167.1,164.3,163.5,165.3,168.6,171.5,172.2,170.7,168.8,167.1,166.0,166.0,167.2,169.0,171.3,171.9,171.7,171.3,170.6,170.0,169.2,170.0,169.6,168.4,166.9,166.1,166.5,167.7,8.7,11.3,15.2,18.2,18.5,16.3,12.1,9.0,5.6,6.9,9.2,12.7,16.7,19.8,22.0,18.6,14.4,10.7,7.9,6.1,12.0,13.3,15.0,16.2,16.0,14.7,13.0,11.9,50.1,52.8,56.9,60.1,60.5,57.8,53.6,50.2,46.8,48.8,51.6,55.6,59.9,63.9,66.8,62.9,58.6,54.4,50.9,48.2,53.5,54.9,56.7,57.9,57.7,56.3,54.5,53.3,-359.9,-363.8,-364.6,-361.9,-357.2,-352.9,-352.5,-355.2,-359.0,-360.9,-361.7,-361.4,-359.5,-356.7,-353.4,-352.6,-352.9,-353.6,-354.9,-356.6,-357.0,-355.8,-356.1,-357.8,-359.9,-361.1,-360.7,-359.0,-287.2,-291.0,-291.6,-288.7,-283.9,-280.1,-279.5,-282.2,-285.7,-287.4,-288.1,-287.6,-285.7,-283.4,-280.7,-279.6,-279.6,-280.3,-281.7,-283.4,-284.1,-282.8,-283.1,-284.8,-286.9,-288.2,-287.9,-286.2,1304.4,1304.6,1302.8,1300.2,1298.1,1297.9,1299.7,1302.4,1310.5,1307.4,1303.8,1300.5,1298.4,1297.5,1297.1,1297.0,1297.7,1299.6,1302.8,1306.7,1302.4,1301.2,1300.4,1300.5,1301.4,1302.6,1303.4,1303.3,1059.3,1059.5,1058.1,1056.1,1054.5,1054.4,1055.7,1058.1,1062.3,1060.0,1057.5,1055.1,1054.2,1054.7,1055.8,1054.3,1053.7,1054.4,1056.5,1059.5,1058.0,1057.1,1056.6,1056.6,1057.3,1058.2,1058.8,1058.7,22.8,-236.3,1009.6,0.084,0.7190000000000001,0.278,0.52,0.02,0.8,0.34,0.0,0.35,0.0,0.37,0.0,0.0,0.54,0.52,0.25,0.0,0.16,1.13,0.4,0.0,0.0,1.0,0.0,1.0,1.0,0.0,0.0,0.0,0.0,0.0,1.0,0.0,0.0,0.0,0.0,0.0,0.0
90,0,3.56,0.88,1,0.3344936370849609,-0.4619,0.255369,-0.8493729999999999,-0.5830270000000001,0.2074389999999999,-0.785524,-0.569,0.276,517.7,519.2,521.5,523.3,523.5,522.2,519.7,517.9,516.0,516.7,518.0,520.0,522.4,524.3,525.6,523.5,521.1,518.9,517.2,516.2,519.7,520.4,521.5,522.1,522.0,521.3,520.2,519.6,549.0,551.0,554.1,556.5,556.8,554.8,551.6,549.1,546.5,548.0,550.2,553.1,556.4,559.3,561.5,558.6,555.4,552.3,549.6,547.6,551.5,552.6,553.9,554.8,554.7,553.6,552.3,551.4,163.7,161.4,160.6,161.8,164.3,166.8,167.4,166.2,165.2,163.6,162.5,162.1,162.9,164.5,166.4,166.9,166.9,166.8,166.5,166.1,165.1,165.6,165.3,164.3,163.2,162.7,163.0,164.0,167.8,165.0,164.3,166.2,169.5,172.3,173.0,171.4,169.5,167.8,166.8,166.8,168.1,169.9,172.1,172.7,172.6,172.1,171.4,170.7,169.9,170.7,170.4,169.2,167.8,167.0,167.3,168.5,9.6,12.1,15.9,18.9,19.2,17.0,12.8,9.9,6.7,7.9,10.1,13.4,17.3,20.5,22.6,19.2,15.1,11.4,8.7,7.1,12.8,14.1,15.8,16.9,16.8,15.5,13.8,12.7,49.6,52.3,56.5,59.6,59.9,57.2,53.0,49.7,46.4,48.4,51.1,55.0,59.3,63.2,66.2,62.3,57.9,53.8,50.3,47.8,53.0,54.3,56.1,57.3,57.2,55.8,54.0,52.8,-368.8,-372.7,-373.4,-370.7,-366.0,-361.8,-361.4,-364.1,-368.0,-369.9,-370.6,-370.3,-368.4,-365.5,-362.2,-361.3,-361.7,-362.4,-363.7,-365.5,-365.9,-364.7,-365.0,-366.7,-368.7,-369.9,-369.6,-367.9,-290.2,-293.9,-294.4,-291.4,-286.6,-282.9,-282.3,-285.1,-288.8,-290.4,-291.0,-290.3,-288.4,-286.1,-283.4,-282.2,-282.3,-283.1,-284.6,-286.4,-287.0,-285.7,-285.9,-287.6,-289.7,-291.0,-290.8,-289.1,1339.3,1339.3,1337.4,1334.7,1332.7,1332.7,1334.6,1337.3,1345.5,1342.4,1338.6,1335.2,1333.0,1332.0,1331.7,1331.7,1332.5,1334.5,1337.8,1341.7,1337.2,1336.0,1335.2,1335.2,1336.1,1337.3,1338.1,1338.1,1073.9,1073.8,1072.3,1070.2,1068.8,1068.8,1070.4,1072.8,1077.0,1074.6,1071.9,1069.5,1068.5,1068.8,1069.9,1068.6,1068.2,1068.9,1071.1,1074.2,1072.6,1071.6,1071.0,1071.0,1071.6,1072.5,1073.2,1073.2,21.8,-237.5,1015.7,0.07200000000000001,0.738,0.304,0.58,0.02,0.74,0.52,0.06,0.0,0.0,0.27,0.0,0.0,0.43,0.57,0.43,0.0,0.05,0.86,0.28,0.0,0.0,1.0,0.0,1.0,1.0,0.0,0.0,0.0,0.0,0.0,1.0,0.0,0.0,0.0,0.0,0.0,0.0
91,0,3.6,0.98,1,0.3075409531593323,-0.46427700000000005,0.247067,-0.850532,-0.578497,0.203492,-0.789894,-0.5660000000000001,0.268,517.9,519.4,521.7,523.5,523.6,522.3,519.8,518.0,516.1,516.9,518.2,520.2,522.5,524.4,525.7,523.7,521.2,519.0,517.4,516.4,519.8,520.6,521.6,522.3,522.2,521.4,520.4,519.7,548.4,550.4,553.5,555.9,556.2,554.2,551.1,548.5,545.9,547.4,549.6,552.6,555.8,558.7,560.8,558.0,554.8,551.7,549.0,547.0,550.9,552.0,553.3,554.2,554.1,553.0,551.7,550.8,164.0,161.8,161.0,162.2,164.7,167.2,167.7,166.5,165.5,163.9,162.9,162.6,163.4,164.9,166.9,167.3,167.2,167.0,166.8,166.3,165.5,166.0,165.7,164.7,163.6,163.1,163.4,164.4,168.3,165.5,164.9,166.7,169.9,172.6,173.3,171.8,169.9,168.3,167.3,167.3,168.6,170.3,172.5,173.0,172.9,172.4,171.7,171.1,170.3,171.1,170.8,169.6,168.2,167.4,167.7,168.9,9.8,12.4,16.3,19.2,19.4,17.1,13.0,10.1,7.0,8.2,10.3,13.7,17.6,20.7,22.9,19.4,15.3,11.7,9.0,7.4,13.1,14.3,16.0,17.1,17.0,15.8,14.1,13.0,49.5,52.3,56.4,59.6,59.9,57.2,53.0,49.6,46.2,48.2,51.1,55.0,59.3,63.3,66.2,62.3,58.0,53.8,50.3,47.6,52.9,54.3,56.1,57.3,57.2,55.8,54.0,52.8,-368.4,-372.2,-372.9,-370.1,-365.4,-361.2,-360.9,-363.7,-367.6,-369.4,-370.1,-369.7,-367.7,-364.9,-361.6,-360.8,-361.2,-362.1,-363.4,-365.2,-365.4,-364.1,-364.5,-366.1,-368.2,-369.4,-369.1,-367.4,-293.6,-297.4,-298.0,-295.0,-290.2,-286.4,-285.8,-288.6,-292.2,-293.8,-294.5,-293.8,-291.9,-289.6,-286.9,-285.9,-285.9,-286.7,-288.2,-289.9,-290.5,-289.2,-289.4,-291.1,-293.2,-294.5,-294.3,-292.6,1339.8,1339.8,1337.9,1335.1,1333.2,1333.1,1335.1,1337.8,1346.1,1342.9,1339.1,1335.7,1333.5,1332.4,1332.1,1332.1,1332.9,1335.0,1338.3,1342.3,1337.7,1336.5,1335.7,1335.7,1336.5,1337.7,1338.6,1338.6,1089.1,1089.1,1087.8,1085.7,1084.2,1084.1,1085.5,1087.8,1092.1,1089.7,1087.1,1084.8,1083.9,1084.3,1085.4,1084.0,1083.4,1084.1,1086.2,1089.3,1087.8,1086.9,1086.2,1086.3,1087.0,1087.9,1088.5,1088.4,21.9,-242.3,1033.2,0.067,0.731,0.316,0.32,0.02,0.62,0.34,0.24,0.0,0.09,0.27,0.0,0.0,0.19,0.69,0.39,0.0,0.2,0.41,0.17,0.0,0.0,1.0,0.0,1.0,1.0,0.0,0.0,0.0,0.0,0.0,1.0,0.0,0.0,0.0,0.0,0.0,0.0
92,0,3.64,0.98,1,0.3187519311904907,-0.46541800000000005,0.240511,-0.8517870000000001,-0.576509,0.19863,-0.7925800000000001,-0.565,0.261,517.5,519.1,521.4,523.1,523.3,521.9,519.4,517.6,515.8,516.5,517.8,519.8,522.1,524.0,525.3,523.3,520.8,518.6,517.0,516.0,519.4,520.2,521.2,521.9,521.8,521.1,520.1,519.4,547.8,549.8,552.9,555.3,555.6,553.6,550.4,547.9,545.3,546.8,549.0,552.0,555.2,558.0,560.1,557.4,554.2,551.1,548.4,546.4,550.3,551.3,552.7,553.6,553.5,552.4,551.1,550.2,164.5,162.3,161.6,162.8,165.3,167.8,168.2,167.0,166.0,164.5,163.5,163.2,164.1,165.6,167.4,167.8,167.6,167.5,167.2,166.8,166.0,166.6,166.3,165.3,164.2,163.6,164.0,164.9,169.1,166.4,165.8,167.6,170.7,173.5,174.1,172.6,170.7,169.2,168.2,168.3,169.5,171.3,173.4,173.8,173.6,173.1,172.4,171.8,171.2,172.0,171.7,170.5,169.1,168.3,168.6,169.8,9.4,12.0,15.9,18.8,18.9,16.6,12.4,9.5,6.4,7.7,9.8,13.2,17.1,20.2,22.4,18.9,14.8,11.1,8.4,6.8,12.5,13.8,15.5,16.7,16.6,15.3,13.6,12.5,49.2,52.0,56.2,59.4,59.6,56.9,52.6,49.2,45.8,47.9,50.8,54.8,59.1,63.0,65.9,62.0,57.7,53.5,49.9,47.3,52.6,53.9,55.8,57.0,56.9,55.5,53.7,52.4,-371.3,-375.1,-375.8,-372.9,-368.2,-364.0,-363.8,-366.6,-370.6,-372.3,-372.8,-372.4,-370.4,-367.6,-364.3,-363.7,-364.2,-365.1,-366.5,-368.2,-368.2,-367.0,-367.3,-369.0,-371.0,-372.3,-372.0,-370.3,-295.2,-299.0,-299.6,-296.6,-291.8,-288.0,-287.4,-290.2,-293.9,-295.4,-296.0,-295.3,-293.3,-291.1,-288.4,-287.5,-287.6,-288.5,-289.9,-291.6,-292.1,-290.8,-291.0,-292.7,-294.8,-296.1,-295.8,-294.2,1353.6,1353.6,1351.6,1348.9,1346.9,1346.9,1348.8,1351.6,1359.9,1356.6,1352.8,1349.4,1347.2,1346.2,1345.8,1345.9,1346.7,1348.8,1352.1,1356.0,1351.5,1350.3,1349.4,1349.4,1350.3,1351.5,1352.3,1352.3,1099.3,1099.5,1098.2,1096.1,1094.5,1094.3,1095.6,1098.0,1102.2,1099.9,1097.4,1095.1,1094.2,1094.6,1095.7,1094.3,1093.6,1094.3,1096.4,1099.4,1098.0,1097.1,1096.5,1096.6,1097.3,1098.2,1098.8,1098.7,21.3,-244.1,1040.8,0.0579999999999999,0.726,0.3279999999999999,0.15,0.0,0.56,0.17,0.45,0.0,0.15,0.26,0.0,0.0,0.0,0.8,0.42,0.0,0.45,0.06,0.08,0.0,0.0,1.0,0.0,1.0,1.0,0.0,0.0,0.0,0.0,0.0,1.0,0.0,0.0,0.0,0.0,0.0,0.0
93,0,3.68,0.98,1,0.3199957013130188,-0.468437,0.241398,-0.849879,-0.578348,0.19701,-0.791644,-0.568,0.261,517.7,519.3,521.6,523.3,523.3,521.9,519.4,517.7,516.0,516.7,518.0,519.9,522.2,524.0,525.3,523.3,520.8,518.7,517.1,516.2,519.5,520.3,521.3,522.0,522.0,521.2,520.2,519.5,547.4,549.5,552.6,555.0,555.2,553.1,550.0,547.4,544.8,546.4,548.7,551.6,554.8,557.6,559.8,557.0,553.8,550.7,548.0,545.9,549.9,550.9,552.3,553.2,553.1,552.1,550.7,549.8,163.9,161.7,161.1,162.4,164.8,167.3,167.6,166.3,165.2,163.8,162.9,162.7,163.6,165.1,167.0,167.3,167.0,166.8,166.5,166.0,165.4,166.0,165.7,164.7,163.7,163.1,163.4,164.3,169.1,166.4,165.8,167.6,170.8,173.5,174.2,172.6,170.6,169.2,168.3,168.4,169.7,171.4,173.6,173.9,173.6,173.1,172.3,171.7,171.2,172.0,171.7,170.6,169.2,168.4,168.6,169.8,9.7,12.5,16.4,19.2,19.2,16.7,12.6,9.8,6.8,8.1,10.2,13.5,17.3,20.4,22.6,19.1,15.0,11.3,8.7,7.1,12.8,14.0,15.8,17.0,16.9,15.7,14.0,12.8,48.4,51.3,55.6,58.7,58.9,56.0,51.8,48.4,45.0,47.1,50.1,54.0,58.3,62.2,65.1,61.2,56.9,52.7,49.1,46.5,51.8,53.1,55.0,56.3,56.2,54.8,52.9,51.7,-375.5,-379.2,-379.7,-376.7,-372.0,-367.9,-367.8,-370.7,-374.9,-376.5,-376.9,-376.3,-374.1,-371.3,-368.0,-367.5,-368.2,-369.2,-370.7,-372.6,-372.3,-371.0,-371.2,-372.8,-374.9,-376.2,-376.0,-374.4,-294.0,-297.8,-298.3,-295.2,-290.4,-286.6,-286.1,-288.9,-292.7,-294.1,-294.6,-293.9,-291.9,-289.6,-287.0,-286.1,-286.4,-287.3,-288.8,-290.5,-290.8,-289.5,-289.7,-291.3,-293.4,-294.8,-294.6,-292.9,1364.6,1364.6,1362.6,1359.8,1357.9,1357.9,1359.9,1362.7,1371.0,1367.7,1363.8,1360.4,1358.1,1357.1,1356.8,1356.8,1357.7,1359.9,1363.2,1367.2,1362.5,1361.3,1360.4,1360.4,1361.3,1362.5,1363.3,1363.4,1094.6,1094.9,1093.6,1091.5,1089.8,1089.6,1090.9,1093.3,1097.6,1095.3,1092.7,1090.4,1089.5,1090.0,1091.1,1089.6,1088.9,1089.6,1091.6,1094.7,1093.3,1092.4,1091.8,1091.9,1092.6,1093.6,1094.1,1094.0,20.9,-245.0,1041.5,0.057,0.731,0.341,0.05,0.0,0.45,0.0,0.56,0.0,0.2,0.35,0.0,0.0,0.0,0.88,0.2,0.0,0.68,0.06,0.0,0.0,0.0,1.0,0.0,1.0,1.0,0.0,0.0,0.0,0.0,0.0,1.0,0.0,0.0,0.0,0.0,0.0,0.0
94,0,3.72,0.88,1,0.3010933995246887,-0.47930600000000007,0.224611,-0.8484200000000001,-0.583801,0.18188,-0.791263,-0.575,0.243,517.2,518.9,521.2,522.7,522.6,521.1,518.7,517.1,515.6,516.3,517.5,519.4,521.6,523.3,524.5,522.4,520.0,517.9,516.5,515.7,518.9,519.6,520.6,521.4,521.4,520.7,519.7,519.0,546.1,548.3,551.5,553.8,554.0,551.9,548.7,546.1,543.5,545.2,547.4,550.5,553.6,556.5,558.5,555.7,552.5,549.4,546.7,544.6,548.6,549.6,551.0,552.0,551.9,550.9,549.5,548.5,163.7,161.5,160.9,162.3,164.8,167.2,167.5,166.2,165.1,163.6,162.6,162.5,163.4,165.1,167.1,167.4,167.1,166.8,166.4,165.9,165.3,165.9,165.6,164.7,163.6,163.0,163.3,164.2,169.4,166.7,166.1,168.0,171.3,174.0,174.5,172.9,170.9,169.3,168.5,168.6,170.0,171.9,174.1,174.5,174.2,173.6,172.8,172.1,171.5,172.4,172.1,170.9,169.5,168.7,168.9,170.1,8.8,11.6,15.4,18.0,17.8,15.2,11.2,8.6,6.1,7.3,9.3,12.4,16.1,19.0,20.9,17.4,13.4,9.9,7.5,6.2,11.7,12.8,14.5,15.7,15.8,14.6,13.0,11.7,46.2,49.1,53.4,56.5,56.6,53.7,49.5,46.1,42.8,44.9,47.9,51.9,56.1,59.9,62.8,58.9,54.5,50.4,46.8,44.2,49.5,50.9,52.7,54.0,54.0,52.6,50.7,49.4,-370.4,-374.0,-374.4,-371.4,-366.7,-362.7,-362.7,-365.7,-369.9,-371.6,-372.0,-371.3,-369.0,-365.9,-362.5,-362.0,-362.8,-364.0,-365.5,-367.5,-367.2,-365.8,-366.0,-367.6,-369.6,-371.0,-370.8,-369.2,-290.6,-294.3,-294.7,-291.6,-286.8,-283.1,-282.7,-285.6,-289.4,-290.9,-291.4,-290.6,-288.5,-286.1,-283.3,-282.4,-282.7,-283.6,-285.2,-287.0,-287.4,-286.0,-286.2,-287.8,-289.9,-291.3,-291.1,-289.5,1345.3,1345.1,1342.9,1340.0,1338.0,1338.1,1340.4,1343.3,1351.7,1348.4,1344.5,1340.9,1338.4,1337.2,1336.7,1337.0,1338.1,1340.4,1343.9,1347.9,1343.0,1341.7,1340.7,1340.7,1341.5,1342.8,1343.8,1343.8,1083.3,1083.5,1082.2,1080.2,1078.6,1078.5,1079.8,1082.1,1086.3,1084.0,1081.4,1079.2,1078.3,1078.8,1079.9,1078.5,1077.8,1078.4,1080.5,1083.5,1082.1,1081.2,1080.6,1080.7,1081.4,1082.2,1082.8,1082.7,18.5,-245.1,1038.2,0.03,0.742,0.382,0.09,0.0,0.52,0.0,0.54,0.0,0.19,0.45,0.0,0.0,0.0,0.82,0.15,0.0,0.89,0.0,0.0,0.0,0.0,1.0,0.0,1.0,1.0,0.0,0.0,0.0,0.0,0.0,1.0,0.0,0.0,0.0,0.0,0.0,0.0
95,0,3.76,0.88,1,0.2920997738838196,-0.48101000000000005,0.220671,-0.8484889999999999,-0.584875,0.1753289999999999,-0.7919470000000001,-0.5760000000000001,0.237,516.5,518.2,520.5,522.0,521.8,520.2,517.8,516.3,514.9,515.6,516.8,518.7,520.8,522.5,523.7,521.6,519.2,517.1,515.6,514.9,518.2,518.8,519.8,520.6,520.6,520.0,519.0,518.2,545.4,547.6,550.9,553.2,553.3,551.1,547.9,545.3,542.8,544.5,546.8,549.8,552.9,555.7,557.8,554.9,551.7,548.6,545.9,543.9,547.9,548.9,550.3,551.3,551.2,550.2,548.8,547.8,163.7,161.6,161.1,162.4,165.0,167.4,167.6,166.3,165.1,163.5,162.7,162.5,163.6,165.3,167.3,167.6,167.3,166.9,166.5,165.9,165.4,166.0,165.8,164.8,163.7,163.1,163.3,164.3,170.1,167.5,167.0,168.9,172.2,174.9,175.4,173.6,171.6,170.1,169.2,169.4,170.8,172.8,175.1,175.5,175.1,174.5,173.6,172.8,172.4,173.2,173.0,171.8,170.4,169.5,169.8,170.9,7.4,10.3,14.1,16.5,16.3,13.7,9.6,7.2,4.9,6.0,8.0,11.1,14.7,17.4,19.3,15.8,11.9,8.4,6.0,4.8,10.2,11.3,13.0,14.2,14.3,13.3,11.6,10.4,45.0,48.0,52.2,55.3,55.3,52.4,48.1,44.8,41.6,43.8,46.7,50.6,54.8,58.6,61.4,57.5,53.1,49.0,45.5,42.9,48.3,49.6,51.4,52.7,52.7,51.4,49.5,48.2,-366.6,-370.2,-370.4,-367.3,-362.6,-358.7,-358.8,-361.9,-366.2,-367.9,-368.2,-367.4,-365.0,-361.8,-358.3,-357.9,-358.8,-360.1,-361.7,-363.7,-363.3,-361.9,-362.0,-363.6,-365.6,-367.0,-366.9,-365.3,-287.9,-291.5,-291.9,-288.7,-283.9,-280.3,-279.9,-282.9,-286.7,-288.2,-288.6,-287.8,-285.6,-283.1,-280.3,-279.4,-279.7,-280.8,-282.5,-284.3,-284.6,-283.2,-283.3,-284.9,-287.0,-288.4,-288.3,-286.7,1331.7,1331.5,1329.2,1326.2,1324.3,1324.6,1326.9,1329.8,1338.3,1334.9,1331.0,1327.2,1324.7,1323.5,1323.0,1323.4,1324.5,1326.9,1330.4,1334.5,1329.4,1328.1,1327.1,1327.0,1327.9,1329.2,1330.1,1330.3,1077.0,1077.1,1075.8,1073.7,1072.2,1072.1,1073.4,1075.8,1080.0,1077.7,1075.1,1072.8,1071.9,1072.3,1073.4,1072.0,1071.4,1072.1,1074.2,1077.2,1075.7,1074.8,1074.2,1074.3,1075.0,1075.9,1076.5,1076.4,17.0,-242.9,1031.3,0.024,0.7440000000000001,0.3989999999999999,0.07,0.0,0.43,0.0,0.51,0.0,0.14,0.54,0.0,0.0,0.03,0.8,0.07,0.0,0.99,0.0,0.0,0.0,0.0,1.0,0.0,1.0,1.0,0.0,0.0,0.0,0.0,0.0,1.0,0.0,0.0,0.0,0.0,0.0,0.0
96,0,3.8,0.88,1,0.287944495677948,-0.475264,0.230566,-0.849096,-0.579725,0.183389,-0.793906,-0.5710000000000001,0.247,515.0,516.8,519.1,520.6,520.4,518.8,516.4,514.8,513.4,514.2,515.4,517.3,519.5,521.2,522.3,520.2,517.7,515.6,514.2,513.4,516.7,517.4,518.4,519.2,519.3,518.6,517.6,516.8,544.3,546.5,549.7,552.0,552.1,549.9,546.7,544.1,541.6,543.3,545.6,548.6,551.8,554.6,556.6,553.7,550.5,547.4,544.7,542.7,546.7,547.7,549.1,550.1,550.1,549.1,547.6,546.7,163.4,161.3,160.8,162.2,164.8,167.2,167.4,166.0,164.7,163.2,162.3,162.2,163.4,165.1,167.2,167.5,167.1,166.7,166.2,165.6,165.1,165.7,165.5,164.6,163.5,162.8,163.1,164.0,170.4,167.7,167.3,169.2,172.5,175.2,175.7,173.9,171.9,170.3,169.5,169.7,171.1,173.1,175.5,175.8,175.5,174.8,173.9,173.1,172.6,173.5,173.3,172.1,170.7,169.8,170.0,171.2,5.0,7.9,11.7,14.2,13.9,11.2,7.2,4.7,2.4,3.6,5.6,8.7,12.3,15.1,16.9,13.4,9.4,6.0,3.6,2.4,7.8,8.9,10.6,11.8,12.0,10.9,9.2,7.9,43.3,46.3,50.6,53.6,53.6,50.7,46.4,43.1,39.9,42.1,45.1,49.0,53.2,56.9,59.7,55.8,51.4,47.3,43.8,41.2,46.5,47.9,49.7,51.0,51.0,49.7,47.8,46.5,-364.8,-368.3,-368.5,-365.3,-360.6,-356.7,-356.9,-360.1,-364.5,-366.1,-366.4,-365.5,-363.0,-359.8,-356.2,-355.9,-356.9,-358.1,-359.9,-362.0,-361.4,-360.0,-360.1,-361.6,-363.7,-365.1,-365.0,-363.4,-286.8,-290.4,-290.7,-287.5,-282.7,-279.1,-278.8,-281.8,-285.6,-287.1,-287.6,-286.7,-284.5,-281.9,-279.1,-278.2,-278.6,-279.6,-281.3,-283.2,-283.5,-282.1,-282.2,-283.8,-285.9,-287.3,-287.1,-285.6,1323.1,1322.8,1320.6,1317.7,1315.8,1316.1,1318.3,1321.2,1329.6,1326.3,1322.3,1318.6,1316.2,1315.0,1314.6,1314.9,1316.0,1318.4,1321.8,1325.9,1320.9,1319.6,1318.6,1318.5,1319.3,1320.6,1321.5,1321.7,1074.2,1074.3,1073.0,1071.0,1069.5,1069.3,1070.7,1073.0,1077.2,1074.9,1072.3,1070.0,1069.2,1069.6,1070.7,1069.3,1068.7,1069.3,1071.4,1074.4,1072.9,1072.1,1071.5,1071.5,1072.2,1073.1,1073.7,1073.6,15.5,-241.4,1027.6,0.042,0.745,0.391,0.14,0.0,0.44,0.0,0.49,0.0,0.15,0.54,0.0,0.0,0.03,0.75,0.16,0.0,0.97,0.0,0.0,0.0,0.0,1.0,0.0,1.0,1.0,0.0,0.0,0.0,0.0,0.0,1.0,0.0,0.0,0.0,0.0,0.0,0.0
97,0,3.84,0.88,1,0.2741356492042541,-0.475367,0.233319,-0.8482860000000001,-0.580829,0.184521,-0.792836,-0.5720000000000001,0.249,514.1,515.8,518.1,519.6,519.5,517.9,515.4,513.9,512.5,513.3,514.5,516.4,518.5,520.2,521.3,519.2,516.8,514.7,513.3,512.5,515.8,516.5,517.5,518.2,518.3,517.6,516.6,515.9,543.5,545.7,548.9,551.3,551.3,549.1,545.9,543.3,540.8,542.5,544.8,547.8,551.0,553.8,555.8,552.9,549.7,546.6,543.9,541.9,545.9,546.9,548.3,549.3,549.3,548.3,546.9,545.9,164.1,162.0,161.5,162.9,165.4,167.8,168.1,166.7,165.4,163.9,163.0,162.9,164.0,165.8,167.9,168.2,167.8,167.4,166.9,166.3,165.8,166.4,166.2,165.3,164.2,163.5,163.8,164.7,171.2,168.5,168.0,170.0,173.3,176.0,176.5,174.7,172.6,171.1,170.2,170.4,171.9,173.9,176.3,176.7,176.3,175.6,174.7,173.9,173.4,174.3,174.1,172.9,171.5,170.6,170.8,172.0,3.5,6.4,10.2,12.6,12.3,9.7,5.7,3.2,0.9,2.1,4.1,7.2,10.8,13.5,15.3,11.9,7.9,4.4,2.1,0.9,6.3,7.4,9.0,10.3,10.4,9.3,7.7,6.4,42.1,45.1,49.3,52.4,52.4,49.4,45.2,41.9,38.7,40.8,43.8,47.7,51.9,55.7,58.4,54.5,50.2,46.0,42.6,40.0,45.3,46.6,48.5,49.8,49.8,48.5,46.6,45.3,-364.8,-368.2,-368.4,-365.3,-360.6,-356.7,-356.9,-360.1,-364.5,-366.1,-366.4,-365.5,-363.0,-359.8,-356.2,-355.9,-356.8,-358.1,-359.8,-361.9,-361.4,-360.0,-360.1,-361.6,-363.7,-365.0,-364.9,-363.4,-284.7,-288.3,-288.6,-285.4,-280.6,-277.0,-276.7,-279.7,-283.6,-285.1,-285.5,-284.6,-282.3,-279.8,-277.0,-276.1,-276.4,-277.5,-279.2,-281.1,-281.4,-280.0,-280.1,-281.7,-283.8,-285.2,-285.1,-283.5,1327.2,1326.8,1324.6,1321.7,1319.9,1320.1,1322.4,1325.3,1333.7,1330.3,1326.4,1322.7,1320.2,1319.0,1318.6,1319.0,1320.1,1322.5,1325.9,1329.9,1324.9,1323.6,1322.7,1322.5,1323.3,1324.6,1325.6,1325.7,1070.2,1070.3,1068.9,1066.9,1065.4,1065.4,1066.8,1069.1,1073.2,1070.9,1068.3,1066.0,1065.1,1065.6,1066.7,1065.3,1064.7,1065.4,1067.4,1070.5,1069.0,1068.1,1067.5,1067.5,1068.2,1069.0,1069.6,1069.6,14.5,-240.7,1028.3,0.043,0.745,0.39,0.17,0.0,0.39,0.0,0.47,0.0,0.14,0.51,0.0,0.0,0.15,0.8,0.16,0.0,0.87,0.05,0.0,0.0,0.0,1.0,0.0,1.0,1.0,0.0,0.0,0.0,0.0,0.0,1.0,0.0,0.0,0.0,0.0,0.0,0.0
98,0,3.88,0.98,1,0.2890145778656006,-0.472484,0.239591,-0.8481479999999999,-0.578313,0.190021,-0.793376,-0.569,0.256,512.3,514.0,516.3,517.8,517.7,516.2,513.8,512.2,510.7,511.4,512.6,514.5,516.7,518.4,519.6,517.5,515.1,513.0,511.5,510.7,514.0,514.7,515.7,516.5,516.5,515.8,514.8,514.1,542.6,544.8,548.0,550.4,550.5,548.3,545.0,542.5,539.9,541.6,543.9,546.9,550.1,552.9,555.0,552.1,548.9,545.7,543.0,541.0,545.0,546.1,547.5,548.5,548.4,547.4,546.0,545.0,165.3,163.1,162.5,163.9,166.4,168.8,169.1,167.8,166.5,165.0,164.2,164.0,165.0,166.7,168.7,169.0,168.7,168.4,168.0,167.4,166.9,167.5,167.2,166.3,165.2,164.6,164.8,165.8,171.9,169.2,168.7,170.7,174.1,176.8,177.2,175.5,173.3,171.8,171.0,171.3,172.7,174.7,177.0,177.3,177.0,176.3,175.4,174.6,174.2,175.0,174.8,173.6,172.2,171.3,171.5,172.7,0.5,3.3,7.1,9.7,9.6,7.0,2.9,0.3,-2.2,-1.0,1.1,4.2,7.9,10.8,12.7,9.2,5.2,1.7,-0.8,-2.1,3.4,4.6,6.2,7.5,7.5,6.4,4.7,3.5,41.0,44.0,48.2,51.3,51.4,48.4,44.1,40.8,37.6,39.7,42.7,46.6,50.8,54.6,57.4,53.5,49.2,45.0,41.5,38.9,44.2,45.6,47.5,48.7,48.7,47.4,45.5,44.2,-367.4,-370.9,-371.3,-368.2,-363.5,-359.5,-359.6,-362.6,-367.0,-368.6,-368.9,-368.2,-365.8,-362.8,-359.3,-358.8,-359.6,-360.8,-362.4,-364.4,-364.1,-362.7,-362.9,-364.4,-366.5,-367.8,-367.7,-366.1,-284.3,-287.9,-288.2,-285.0,-280.2,-276.6,-276.3,-279.3,-283.2,-284.6,-285.0,-284.0,-281.9,-279.4,-276.7,-275.8,-276.1,-277.2,-278.9,-280.8,-281.0,-279.6,-279.7,-281.3,-283.4,-284.8,-284.7,-283.1,1343.5,1343.2,1341.0,1338.2,1336.3,1336.5,1338.7,1341.6,1350.0,1346.6,1342.7,1339.1,1336.7,1335.5,1335.1,1335.4,1336.5,1338.8,1342.2,1346.2,1341.3,1340.0,1339.1,1338.9,1339.8,1341.0,1342.0,1342.1,1072.5,1072.5,1071.1,1069.1,1067.7,1067.7,1069.1,1071.4,1075.5,1073.1,1070.5,1068.2,1067.4,1067.9,1069.1,1067.7,1067.0,1067.7,1069.7,1072.8,1071.3,1070.4,1069.8,1069.8,1070.4,1071.3,1071.9,1071.9,13.1,-238.8,1024.9,0.0409999999999999,0.738,0.38,0.43,0.0,0.54,0.0,0.42,0.03,0.13,0.69,0.0,0.0,0.12,0.74,0.23,0.0,0.63,0.37,0.04,0.0,0.0,1.0,0.0,1.0,1.0,0.0,0.0,0.0,0.0,0.0,1.0,0.0,0.0,0.0,0.0,0.0,0.0
99,0,3.92,0.88,1,0.2875247001647949,-0.47018000000000004,0.252844,-0.845577,-0.5770569999999999,0.20316800000000002,-0.79103,-0.569,0.272,510.3,512.0,514.3,515.8,515.8,514.3,511.9,510.3,508.7,509.4,510.7,512.6,514.8,516.5,517.7,515.6,513.2,511.1,509.6,508.8,512.1,512.8,513.8,514.5,514.5,513.8,512.8,512.1,540.6,542.8,546.0,548.3,548.4,546.2,543.0,540.5,538.0,539.7,541.9,544.9,548.0,550.8,552.8,550.0,546.8,543.7,541.1,539.1,543.0,544.0,545.4,546.4,546.4,545.3,544.0,543.0,166.1,163.9,163.4,164.7,167.1,169.5,169.9,168.5,167.4,165.9,165.1,164.9,165.8,167.4,169.4,169.7,169.4,169.1,168.7,168.2,167.6,168.2,168.0,167.0,166.0,165.4,165.6,166.6,172.5,169.9,169.4,171.3,174.6,177.3,177.7,176.0,173.9,172.5,171.7,171.9,173.3,175.2,177.5,177.8,177.5,176.8,175.9,175.1,174.7,175.6,175.4,174.2,172.8,171.9,172.1,173.3,-2.9,-0.0,3.8,6.5,6.4,3.9,-0.2,-2.9,-5.7,-4.4,-2.3,1.0,4.7,7.6,9.6,6.1,2.1,-1.5,-4.1,-5.5,0.1,1.3,3.0,4.2,4.3,3.1,1.4,0.2,38.9,41.9,46.2,49.2,49.2,46.3,42.0,38.7,35.5,37.7,40.6,44.5,48.7,52.5,55.3,51.4,47.1,42.9,39.4,36.8,42.2,43.5,45.4,46.7,46.6,45.3,43.4,42.1,-371.0,-374.6,-375.0,-372.0,-367.3,-363.2,-363.3,-366.3,-370.5,-372.1,-372.5,-371.9,-369.6,-366.6,-363.2,-362.7,-363.4,-364.5,-366.1,-368.0,-367.7,-366.4,-366.6,-368.2,-370.2,-371.5,-371.4,-369.8,-287.6,-291.2,-291.5,-288.3,-283.5,-279.9,-279.6,-282.6,-286.5,-287.9,-288.2,-287.3,-285.1,-282.7,-279.9,-279.1,-279.4,-280.5,-282.2,-284.1,-284.3,-282.9,-283.0,-284.6,-286.7,-288.1,-288.0,-286.4,1361.9,1361.8,1359.7,1356.8,1354.9,1355.0,1357.1,1360.0,1368.3,1365.0,1361.2,1357.6,1355.3,1354.2,1353.8,1353.9,1354.9,1357.2,1360.5,1364.5,1359.7,1358.5,1357.6,1357.5,1358.4,1359.6,1360.5,1360.6,1088.0,1088.0,1086.6,1084.6,1083.1,1083.0,1084.5,1086.8,1091.0,1088.6,1086.0,1083.7,1082.7,1083.2,1084.3,1082.9,1082.4,1083.0,1085.2,1088.2,1086.7,1085.8,1085.2,1085.2,1085.8,1086.7,1087.4,1087.3,10.9,-233.2,1010.8,0.0559999999999999,0.7490000000000001,0.361,0.59,0.0,0.77,0.0,0.47,0.25,0.07,1.02,0.0,0.0,0.12,0.71,0.14,0.0,0.47,0.67,0.04,0.0,0.0,1.0,0.0,1.0,1.0,0.0,0.0,0.0,0.0,0.0,1.0,0.0,0.0,0.0,0.0,0.0,0.0
100,0,3.96,0.88,1,0.29607880115509033,-0.466013,0.23847,-0.852035,-0.573808,0.190395,-0.796551,-0.563,0.255,509.2,511.0,513.3,514.9,514.8,513.2,510.7,509.1,507.5,508.3,509.6,511.5,513.7,515.4,516.6,514.5,512.1,509.9,508.4,507.6,511.0,511.7,512.7,513.4,513.5,512.8,511.8,511.0,540.0,542.3,545.6,547.9,548.0,545.7,542.4,539.9,537.3,539.1,541.4,544.4,547.6,550.4,552.5,549.6,546.3,543.2,540.5,538.4,542.5,543.5,544.9,545.9,545.9,544.9,543.4,542.4,166.0,163.9,163.3,164.6,167.1,169.5,169.8,168.5,167.4,165.9,165.0,164.8,165.8,167.4,169.3,169.6,169.3,169.0,168.6,168.2,167.6,168.2,167.9,167.0,165.9,165.3,165.6,166.5,172.4,169.7,169.2,171.2,174.5,177.2,177.7,175.9,173.8,172.4,171.6,171.9,173.3,175.3,177.5,177.7,177.3,176.6,175.7,175.0,174.7,175.5,175.3,174.2,172.7,171.8,172.0,173.2,-4.6,-1.7,2.2,4.8,4.6,2.0,-2.2,-4.8,-7.6,-6.2,-4.1,-0.8,2.9,5.8,7.7,4.2,0.1,-3.5,-6.0,-7.4,-1.7,-0.6,1.1,2.4,2.5,1.4,-0.3,-1.6,37.4,40.4,44.7,47.8,47.8,44.8,40.5,37.2,33.9,36.1,39.2,43.1,47.2,51.0,53.9,49.9,45.6,41.4,37.9,35.3,40.6,42.0,43.8,45.2,45.2,43.8,41.9,40.6,-367.4,-371.0,-371.4,-368.3,-363.7,-359.7,-359.7,-362.7,-366.8,-368.4,-368.9,-368.2,-365.9,-362.9,-359.6,-359.1,-360.0,-361.1,-362.6,-364.5,-364.1,-362.8,-363.0,-364.5,-366.6,-367.9,-367.7,-366.2,-282.4,-286.1,-286.4,-283.1,-278.3,-274.7,-274.4,-277.4,-281.4,-282.6,-282.9,-282.0,-279.8,-277.4,-274.7,-274.0,-274.4,-275.5,-277.2,-279.1,-279.1,-277.7,-277.8,-279.4,-281.5,-282.9,-282.8,-281.2,1348.3,1348.3,1346.3,1343.3,1341.2,1341.2,1343.3,1346.3,1354.7,1351.5,1347.6,1344.1,1341.7,1340.4,1339.9,1340.1,1341.1,1343.4,1346.8,1350.9,1346.0,1344.8,1343.9,1343.9,1344.8,1346.1,1347.0,1347.0,1067.8,1068.0,1066.6,1064.5,1063.0,1062.8,1064.2,1066.5,1070.8,1068.4,1065.8,1063.5,1062.6,1063.1,1064.2,1062.7,1062.1,1062.8,1064.9,1068.0,1066.5,1065.6,1065.0,1065.1,1065.8,1066.7,1067.3,1067.2,9.4,-230.9,1001.7,0.022000000000000002,0.741,0.37,0.74,0.0,0.88,0.0,0.53,0.44,0.0,1.4,0.0,0.15,0.05,0.76,0.1,0.0,0.47,0.75,0.1,0.0,0.0,1.0,0.0,1.0,1.0,0.0,0.0,0.0,0.0,0.0,1.0,0.0,0.0,0.0,0.0,0.0,0.0
101,0,4.0,0.88,1,0.2920266985893249,-0.464142,0.22708000000000003,-0.856158,-0.568386,0.182224,-0.802329,-0.557,0.242,507.8,509.6,512.0,513.6,513.4,511.7,509.2,507.6,506.1,506.9,508.1,510.1,512.3,514.1,515.3,513.1,510.6,508.4,506.9,506.1,509.5,510.2,511.3,512.1,512.2,511.5,510.4,509.6,539.1,541.5,544.8,547.2,547.2,544.9,541.6,539.0,536.4,538.2,540.6,543.6,546.8,549.6,551.7,548.8,545.5,542.3,539.6,537.5,541.6,542.7,544.1,545.1,545.1,544.1,542.6,541.6,166.2,164.1,163.5,164.8,167.3,169.7,170.0,168.7,167.7,166.2,165.3,165.1,166.0,167.6,169.5,169.7,169.4,169.1,168.8,168.4,167.8,168.4,168.2,167.2,166.1,165.5,165.8,166.8,172.6,169.9,169.4,171.5,174.8,177.5,178.0,176.2,173.9,172.6,171.9,172.2,173.7,175.6,177.8,178.0,177.5,176.8,175.9,175.1,174.9,175.8,175.6,174.4,173.0,172.1,172.3,173.4,-6.9,-3.9,0.0,2.6,2.3,-0.4,-4.6,-7.2,-9.8,-8.5,-6.3,-3.2,0.5,3.4,5.3,1.8,-2.3,-5.8,-8.3,-9.7,-4.0,-2.9,-1.2,0.1,0.3,-0.9,-2.6,-3.9,36.0,39.0,43.4,46.5,46.4,43.4,39.0,35.7,32.5,34.7,37.8,41.7,45.9,49.7,52.5,48.6,44.2,40.0,36.5,33.8,39.2,40.5,42.4,43.8,43.8,42.5,40.5,39.2,-357.9,-361.5,-361.9,-358.9,-354.2,-350.2,-350.3,-353.3,-357.2,-358.8,-359.3,-358.7,-356.5,-353.5,-350.2,-349.8,-350.7,-351.9,-353.3,-355.0,-354.6,-353.3,-353.5,-355.1,-357.1,-358.4,-358.2,-356.7,-280.1,-283.8,-284.0,-280.8,-275.9,-272.3,-272.1,-275.1,-279.2,-280.3,-280.5,-279.5,-277.4,-275.0,-272.4,-271.7,-272.1,-273.3,-275.0,-276.9,-276.7,-275.3,-275.4,-277.0,-279.1,-280.6,-280.4,-278.9,1314.9,1315.0,1312.9,1309.8,1307.6,1307.4,1309.6,1312.6,1321.2,1318.0,1314.2,1310.6,1308.1,1306.8,1306.1,1306.3,1307.4,1309.7,1313.2,1317.3,1312.4,1311.1,1310.2,1310.2,1311.2,1312.6,1313.5,1313.4,1060.1,1060.3,1059.0,1057.0,1055.4,1055.1,1056.4,1058.8,1063.1,1060.7,1058.1,1055.9,1055.0,1055.5,1056.6,1055.1,1054.4,1055.1,1057.2,1060.2,1058.8,1057.9,1057.3,1057.4,1058.2,1059.1,1059.6,1059.5,7.8,-229.9,997.1,-0.005,0.7290000000000001,0.375,0.75,0.0,0.97,0.0,0.65,0.63,0.0,1.67,0.0,0.2,0.05,0.73,0.0,0.0,0.64,0.58,0.16,0.0,0.0,1.0,0.0,1.0,1.0,0.0,0.0,0.0,0.0,1.0,0.0,0.0,0.0,0.0,0.0,0.0,0.0
102,0,4.04,0.88,1,0.2958545684814453,-0.467639,0.2293869999999999,-0.8536370000000001,-0.5712119999999999,0.184698,-0.799752,-0.561,0.245,506.0,507.9,510.2,511.8,511.5,509.8,507.3,505.8,504.3,505.1,506.3,508.2,510.4,512.2,513.4,511.2,508.7,506.6,505.1,504.3,507.7,508.4,509.4,510.2,510.3,509.7,508.6,507.8,536.7,539.0,542.3,544.7,544.7,542.4,539.1,536.5,534.1,535.8,538.1,541.1,544.2,547.1,549.2,546.3,543.0,539.9,537.2,535.1,539.2,540.2,541.6,542.6,542.6,541.6,540.2,539.2,166.6,164.5,163.9,165.2,167.6,170.0,170.3,169.0,168.1,166.7,165.7,165.5,166.4,168.0,169.8,170.0,169.6,169.3,169.1,168.7,168.2,168.8,168.5,167.6,166.5,166.0,166.2,167.2,172.7,170.0,169.6,171.5,174.8,177.5,178.0,176.2,174.0,172.7,172.0,172.3,173.7,175.6,177.8,177.9,177.4,176.7,175.8,175.1,175.0,175.8,175.6,174.5,173.0,172.2,172.4,173.5,-9.9,-6.8,-2.9,-0.4,-0.8,-3.6,-7.8,-10.3,-12.8,-11.5,-9.4,-6.2,-2.6,0.3,2.2,-1.3,-5.3,-8.9,-11.4,-12.7,-7.1,-6.0,-4.3,-2.9,-2.8,-3.9,-5.6,-6.9,33.1,36.2,40.5,43.6,43.5,40.4,36.1,32.8,29.6,31.9,34.9,38.8,42.9,46.7,49.6,45.6,41.3,37.1,33.6,31.0,36.3,37.6,39.5,40.9,40.9,39.6,37.7,36.3,-359.6,-363.1,-363.5,-360.5,-355.9,-351.9,-352.0,-355.0,-358.8,-360.4,-360.9,-360.2,-358.0,-355.1,-351.9,-351.6,-352.5,-353.7,-355.1,-356.7,-356.3,-355.0,-355.1,-356.7,-358.7,-360.0,-359.8,-358.3,-282.7,-286.3,-286.6,-283.4,-278.5,-274.9,-274.6,-277.6,-281.7,-282.8,-283.0,-282.0,-279.9,-277.5,-274.9,-274.3,-274.8,-276.0,-277.7,-279.5,-279.3,-277.8,-278.0,-279.6,-281.7,-283.1,-283.0,-281.4,1323.3,1323.5,1321.3,1318.2,1315.9,1315.7,1317.9,1321.0,1329.7,1326.5,1322.7,1319.1,1316.5,1315.0,1314.3,1314.5,1315.6,1318.1,1321.6,1325.7,1320.8,1319.4,1318.5,1318.6,1319.6,1321.0,1321.9,1321.8,1070.2,1070.5,1069.2,1067.0,1065.2,1065.0,1066.3,1068.8,1073.2,1070.8,1068.2,1065.9,1065.0,1065.3,1066.3,1064.8,1064.2,1065.0,1067.1,1070.3,1068.8,1067.8,1067.3,1067.4,1068.1,1069.1,1069.7,1069.6,5.8,-229.2,996.2,-0.004,0.7390000000000001,0.366,0.65,0.0,0.99,0.0,0.61,0.43,0.0,1.56,0.0,0.2,0.05,0.69,0.0,0.0,0.66,0.39,0.16,0.0,0.0,1.0,0.0,1.0,1.0,0.0,0.0,0.0,0.0,1.0,0.0,0.0,0.0,0.0,0.0,0.0,0.0
103,0,4.08,0.88,1,0.29629069566726685,-0.48348500000000005,0.233294,-0.843692,-0.586276,0.183477,-0.78906,-0.58,0.25,506.2,508.1,510.4,511.8,511.5,509.7,507.3,505.9,504.7,505.4,506.6,508.4,510.5,512.1,513.2,511.0,508.6,506.5,505.2,504.6,507.8,508.4,509.4,510.3,510.4,509.8,508.8,508.0,535.0,537.3,540.6,542.8,542.7,540.4,537.2,534.8,532.5,534.1,536.3,539.3,542.3,545.1,547.2,544.2,541.0,537.9,535.3,533.4,537.4,538.4,539.8,540.8,540.8,539.8,538.4,537.4,166.1,164.0,163.4,164.8,167.2,169.6,169.9,168.5,167.6,166.0,165.1,164.9,165.9,167.5,169.6,169.8,169.4,169.0,168.7,168.3,167.7,168.3,168.1,167.2,166.1,165.5,165.7,166.7,172.7,170.1,169.6,171.7,175.0,177.6,178.0,176.2,174.0,172.6,171.9,172.2,173.7,175.7,178.0,178.2,177.8,177.0,176.1,175.3,175.0,175.9,175.7,174.6,173.1,172.2,172.4,173.6,-9.5,-6.4,-2.6,-0.3,-0.9,-3.7,-7.7,-10.0,-12.0,-10.8,-8.9,-5.9,-2.5,0.2,2.0,-1.6,-5.5,-8.9,-11.1,-12.2,-6.8,-5.8,-4.2,-2.8,-2.6,-3.6,-5.3,-6.6,30.8,33.9,38.1,41.0,40.9,37.8,33.6,30.4,27.4,29.6,32.5,36.3,40.4,44.1,46.9,42.9,38.5,34.4,31.1,28.6,33.9,35.2,37.0,38.4,38.4,37.2,35.3,34.0,-357.0,-360.4,-360.6,-357.5,-352.9,-349.1,-349.3,-352.3,-356.3,-358.0,-358.5,-357.7,-355.3,-352.2,-348.7,-348.5,-349.5,-350.7,-352.3,-354.0,-353.6,-352.2,-352.3,-353.8,-355.8,-357.2,-357.1,-355.6,-282.5,-286.0,-286.1,-282.8,-278.0,-274.5,-274.3,-277.4,-281.5,-282.8,-283.0,-282.0,-279.7,-277.1,-274.2,-273.6,-274.1,-275.3,-277.2,-279.1,-279.0,-277.6,-277.6,-279.2,-281.3,-282.7,-282.7,-281.1,1310.5,1310.4,1308.0,1304.8,1302.6,1302.6,1305.1,1308.3,1317.0,1313.8,1309.9,1306.1,1303.3,1301.7,1300.9,1301.3,1302.7,1305.3,1308.9,1313.1,1307.9,1306.5,1305.4,1305.4,1306.4,1307.8,1308.8,1308.8,1069.4,1069.4,1067.8,1065.6,1064.0,1064.1,1065.6,1068.2,1072.6,1070.1,1067.4,1064.9,1063.8,1064.0,1065.0,1063.7,1063.3,1064.2,1066.5,1069.7,1067.9,1067.0,1066.3,1066.3,1067.0,1067.9,1068.6,1068.6,3.7,-229.3,998.8,0.008,0.77,0.382,0.5,0.0,0.96,0.0,0.54,0.34,0.0,1.25,0.0,0.05,0.11,0.49,0.0,0.0,0.41,0.49,0.1,0.0,0.0,1.0,0.0,1.0,1.0,0.0,0.0,0.0,0.0,1.0,1.0,0.0,0.0,0.0,0.0,0.0,0.0
104,0,4.12,0.88,1,0.28965359926223755,-0.4987149999999999,0.252454,-0.8291870000000001,-0.5987899999999999,0.197938,-0.776061,-0.6,0.2739999999999999,504.5,506.2,508.3,509.7,509.4,507.8,505.5,504.2,503.2,503.8,504.8,506.5,508.5,510.0,511.1,509.0,506.7,504.7,503.5,503.0,506.0,506.6,507.5,508.3,508.4,507.8,506.9,506.1,530.2,532.4,535.5,537.6,537.6,535.3,532.2,529.9,527.7,529.3,531.4,534.2,537.3,540.0,542.0,539.1,535.9,532.8,530.3,528.6,532.4,533.4,534.7,535.7,535.8,534.8,533.5,532.5,166.7,164.6,164.2,165.6,168.1,170.5,170.7,169.2,167.9,166.5,165.6,165.6,166.7,168.4,170.5,170.8,170.4,170.0,169.5,168.9,168.4,169.0,168.8,167.9,166.8,166.2,166.4,167.3,174.2,171.6,171.2,173.3,176.6,179.2,179.5,177.7,175.5,174.0,173.3,173.6,175.2,177.2,179.6,179.9,179.5,178.7,177.8,176.8,176.5,177.4,177.2,176.1,174.6,173.7,173.9,175.0,-12.6,-9.7,-6.1,-3.9,-4.4,-7.1,-10.9,-13.1,-14.8,-13.8,-12.1,-9.2,-5.9,-3.3,-1.6,-5.0,-8.9,-12.2,-14.2,-15.1,-10.1,-9.1,-7.5,-6.2,-6.0,-7.0,-8.6,-9.8,24.5,27.6,31.7,34.5,34.4,31.3,27.2,24.1,21.3,23.3,26.1,29.9,33.9,37.7,40.4,36.4,32.1,28.0,24.7,22.4,27.6,28.8,30.6,31.9,32.0,30.8,29.0,27.6,-364.1,-367.5,-367.6,-364.3,-359.7,-355.9,-356.2,-359.5,-364.0,-365.5,-365.8,-364.8,-362.2,-358.9,-355.3,-355.0,-356.0,-357.4,-359.2,-361.4,-360.7,-359.2,-359.3,-360.8,-362.8,-364.2,-364.2,-362.7,-283.4,-286.8,-286.9,-283.5,-278.7,-275.3,-275.2,-278.4,-282.5,-283.8,-284.0,-282.9,-280.5,-277.8,-274.9,-274.2,-274.7,-275.9,-277.8,-279.9,-279.9,-278.4,-278.5,-280.0,-282.1,-283.5,-283.5,-282.0,1340.8,1340.3,1337.7,1334.6,1332.8,1333.3,1335.9,1339.0,1347.6,1344.1,1340.0,1336.0,1333.3,1331.9,1331.3,1331.9,1333.4,1336.1,1339.7,1343.8,1338.3,1337.0,1335.9,1335.6,1336.4,1337.8,1338.9,1339.1,1080.4,1080.1,1078.4,1076.2,1074.9,1075.2,1076.9,1079.5,1083.8,1081.2,1078.4,1075.7,1074.5,1074.8,1075.8,1074.7,1074.4,1075.4,1077.8,1081.0,1079.0,1078.1,1077.3,1077.2,1077.7,1078.7,1079.5,1079.6,-0.3,-234.1,1024.5,0.065,0.8009999999999999,0.3779999999999999,0.4,0.0,0.86,0.0,0.37,0.26,0.0,0.82,0.0,0.0,0.18,0.57,0.0,0.0,0.13,0.47,0.0,0.0,0.0,1.0,0.0,1.0,1.0,0.0,0.0,0.0,0.0,1.0,1.0,0.0,0.0,0.0,0.0,0.0,0.0
105,0,4.16,0.88,1,0.31211042404174805,-0.49625600000000003,0.27520500000000003,-0.8234030000000001,-0.591951,0.220875,-0.775118,-0.598,0.301,502.3,503.9,506.0,507.3,507.1,505.6,503.3,502.1,501.1,501.7,502.6,504.2,506.2,507.7,508.8,506.8,504.5,502.6,501.4,500.9,503.8,504.4,505.3,506.0,506.1,505.5,504.6,503.9,527.3,529.5,532.5,534.6,534.6,532.4,529.3,527.0,524.8,526.4,528.5,531.3,534.3,537.0,539.0,536.1,533.0,530.0,527.5,525.7,529.5,530.5,531.8,532.8,532.8,531.8,530.5,529.5,166.8,164.7,164.3,165.8,168.3,170.6,170.8,169.3,167.7,166.4,165.7,165.8,166.9,168.7,170.7,171.0,170.6,170.1,169.5,168.8,168.5,169.1,169.0,168.1,167.0,166.3,166.5,167.4,175.1,172.6,172.2,174.3,177.6,180.2,180.5,178.6,176.3,174.9,174.3,174.7,176.2,178.2,180.5,180.9,180.5,179.8,178.7,177.7,177.4,178.3,178.2,177.1,175.6,174.7,174.9,176.0,-16.7,-13.9,-10.3,-8.0,-8.4,-11.0,-14.8,-17.1,-18.8,-17.8,-16.1,-13.3,-10.0,-7.3,-5.5,-8.9,-12.8,-16.1,-18.2,-19.1,-14.1,-13.1,-11.5,-10.3,-10.1,-11.1,-12.7,-13.9,21.0,24.1,28.2,31.1,31.0,28.0,23.8,20.7,17.7,19.8,22.7,26.5,30.6,34.3,37.0,33.1,28.7,24.7,21.3,18.9,24.1,25.4,27.2,28.5,28.6,27.3,25.5,24.2,-374.0,-377.3,-377.3,-373.9,-369.2,-365.5,-365.9,-369.3,-374.2,-375.5,-375.6,-374.4,-371.7,-368.4,-364.8,-364.5,-365.6,-367.0,-369.0,-371.4,-370.5,-369.0,-369.0,-370.4,-372.5,-373.9,-374.0,-372.5,-288.0,-291.4,-291.4,-288.0,-283.2,-279.8,-279.8,-283.0,-287.2,-288.4,-288.6,-287.4,-285.0,-282.4,-279.5,-278.7,-279.1,-280.4,-282.4,-284.6,-284.5,-283.0,-283.0,-284.5,-286.6,-288.1,-288.1,-286.6,1377.4,1376.6,1374.0,1371.0,1369.5,1370.3,1373.0,1375.9,1384.3,1380.7,1376.5,1372.5,1369.9,1368.6,1368.3,1369.0,1370.4,1373.1,1376.6,1380.7,1375.1,1373.8,1372.7,1372.3,1373.0,1374.3,1375.5,1375.8,1103.0,1102.6,1100.9,1098.9,1097.8,1098.2,1099.8,1102.2,1106.3,1103.7,1100.9,1098.3,1097.3,1097.8,1099.0,1097.8,1097.5,1098.3,1100.5,1103.6,1101.8,1100.9,1100.1,1100.0,1100.5,1101.3,1102.1,1102.3,-3.6,-238.5,1042.5,0.11,0.792,0.379,0.57,0.0,0.93,0.0,0.28,0.45,0.0,0.6,0.0,0.0,0.25,0.67,0.04,0.0,0.01,0.45,0.0,0.0,1.0,1.0,0.0,1.0,1.0,0.0,0.0,0.0,0.0,1.0,1.0,0.0,0.0,0.0,0.0,0.0,0.0
106,0,4.2,0.88,1,0.33045971393585205,-0.491983,0.283538,-0.82314,-0.58638,0.22964600000000002,-0.776802,-0.593,0.31,500.3,502.0,504.0,505.3,505.0,503.6,501.4,500.1,499.2,499.7,500.7,502.3,504.2,505.7,506.7,504.7,502.5,500.7,499.5,499.0,501.8,502.4,503.3,504.0,504.1,503.5,502.6,501.9,524.3,526.5,529.5,531.6,531.6,529.4,526.4,524.1,521.9,523.4,525.5,528.3,531.3,534.0,535.9,533.1,530.0,527.0,524.6,522.8,526.5,527.5,528.8,529.8,529.8,528.8,527.5,526.6,166.8,164.8,164.4,166.0,168.4,170.7,170.8,169.3,167.6,166.3,165.7,165.8,167.0,168.8,170.9,171.1,170.7,170.2,169.6,168.7,168.5,169.2,169.0,168.1,167.0,166.4,166.5,167.4,175.5,173.0,172.7,174.8,178.1,180.6,180.9,178.9,176.6,175.3,174.7,175.1,176.6,178.6,180.9,181.3,181.0,180.2,179.2,178.1,177.8,178.7,178.6,177.5,176.1,175.1,175.3,176.4,-20.4,-17.5,-13.9,-11.7,-12.1,-14.7,-18.5,-20.8,-22.5,-21.5,-19.8,-16.9,-13.6,-10.9,-9.2,-12.6,-16.5,-19.8,-21.9,-22.8,-17.7,-16.7,-15.2,-13.9,-13.8,-14.8,-16.3,-17.6,17.1,20.2,24.4,27.3,27.2,24.2,20.0,16.8,13.8,15.9,18.8,22.7,26.8,30.5,33.2,29.3,24.9,20.9,17.5,15.0,20.3,21.5,23.4,24.7,24.7,23.4,21.6,20.3,-379.6,-382.8,-382.7,-379.2,-374.5,-370.9,-371.4,-374.8,-380.0,-381.2,-381.1,-379.9,-377.1,-373.7,-370.1,-369.8,-370.9,-372.5,-374.5,-377.0,-376.0,-374.5,-374.4,-375.9,-377.9,-379.4,-379.5,-378.0,-290.6,-294.0,-293.9,-290.5,-285.7,-282.4,-282.4,-285.6,-289.9,-291.1,-291.2,-290.0,-287.6,-285.0,-282.1,-281.3,-281.6,-282.9,-284.9,-287.2,-287.1,-285.6,-285.6,-287.1,-289.2,-290.7,-290.7,-289.2,1397.9,1397.0,1394.3,1391.5,1390.1,1391.0,1393.7,1396.5,1404.8,1401.2,1396.9,1392.9,1390.3,1389.2,1389.0,1389.7,1391.1,1393.7,1397.3,1401.3,1395.7,1394.4,1393.3,1392.9,1393.5,1394.7,1395.9,1396.3,1115.0,1114.6,1112.9,1111.0,1110.0,1110.5,1112.1,1114.4,1118.4,1115.8,1112.9,1110.4,1109.5,1110.1,1111.4,1110.2,1109.8,1110.6,1112.7,1115.8,1113.9,1113.1,1112.4,1112.2,1112.6,1113.4,1114.2,1114.4,-7.5,-239.7,1047.7,0.125,0.785,0.39,0.91,0.0,1.04,0.0,0.22,0.8,0.01,0.59,0.01,0.0,0.3,0.89,0.04,0.0,0.03,0.4,0.0,0.0,1.0,1.0,0.0,1.0,1.0,0.0,0.0,0.0,0.0,0.0,1.0,0.0,0.0,0.0,0.0,0.0,0.0
107,0,4.24,0.88,1,0.322578489780426,-0.4922899999999999,0.29474,-0.8190109999999999,-0.588158,0.235921,-0.77357,-0.596,0.322,498.2,499.8,501.8,503.0,502.7,501.2,499.0,497.8,497.0,497.6,498.5,500.1,501.9,503.3,504.3,502.3,500.2,498.4,497.2,496.8,499.6,500.1,501.0,501.7,501.8,501.3,500.4,499.7,521.1,523.3,526.2,528.2,528.1,525.9,523.0,520.9,518.8,520.3,522.3,525.0,527.9,530.4,532.2,529.5,526.5,523.6,521.3,519.6,523.3,524.1,525.4,526.3,526.4,525.5,524.2,523.3,166.3,164.4,164.2,165.7,168.2,170.3,170.3,168.7,167.0,165.8,165.3,165.5,166.8,168.5,170.6,170.7,170.2,169.7,168.9,168.1,168.0,168.7,168.6,167.8,166.7,166.0,166.1,167.0,175.9,173.5,173.3,175.4,178.5,180.9,181.1,179.2,176.9,175.6,175.1,175.6,177.1,179.1,181.3,181.7,181.3,180.6,179.5,178.4,178.1,179.0,178.9,177.9,176.5,175.6,175.7,176.7,-24.7,-21.7,-18.1,-15.9,-16.5,-19.2,-23.1,-25.3,-26.9,-25.8,-24.0,-21.2,-17.9,-15.4,-13.7,-17.2,-21.0,-24.3,-26.4,-27.2,-22.2,-21.2,-19.6,-18.3,-18.1,-19.0,-20.6,-21.9,13.1,16.2,20.4,23.2,23.0,20.0,15.8,12.7,9.8,11.9,14.8,18.6,22.7,26.4,29.0,25.0,20.7,16.7,13.3,10.9,16.2,17.4,19.2,20.6,20.6,19.4,17.6,16.2,-388.5,-391.6,-391.3,-387.8,-383.1,-379.5,-380.3,-383.8,-389.2,-390.3,-390.0,-388.5,-385.6,-382.2,-378.5,-378.4,-379.7,-381.4,-383.6,-386.2,-384.8,-383.3,-383.1,-384.5,-386.5,-388.1,-388.2,-386.9,-299.4,-302.6,-302.5,-299.0,-294.2,-291.0,-291.1,-294.4,-298.7,-299.9,-299.9,-298.6,-296.1,-293.4,-290.5,-289.7,-290.2,-291.5,-293.6,-296.0,-295.8,-294.3,-294.2,-295.7,-297.8,-299.3,-299.4,-297.9,1427.6,1426.7,1424.0,1421.2,1419.9,1420.8,1423.5,1426.3,1434.6,1430.8,1426.6,1422.6,1420.1,1419.0,1418.9,1419.6,1421.0,1423.5,1427.1,1431.0,1425.5,1424.3,1423.1,1422.7,1423.2,1424.5,1425.6,1426.1,1150.7,1150.1,1148.4,1146.5,1145.5,1146.1,1147.8,1150.1,1154.1,1151.4,1148.5,1146.0,1145.0,1145.6,1146.9,1145.8,1145.5,1146.3,1148.4,1151.5,1149.6,1148.7,1148.0,1147.7,1148.1,1149.0,1149.7,1150.0,-11.2,-240.1,1048.5,0.129,0.7979999999999999,0.406,1.23,0.0,1.08,0.0,0.21,0.86,0.04,0.56,0.02,0.0,0.33,0.98,0.04,0.03,0.32,0.4,0.0,0.0,1.0,1.0,0.0,1.0,1.0,0.0,0.0,0.0,0.0,1.0,1.0,0.0,0.0,0.0,0.0,0.0,0.0
108,0,4.28,0.88,1,0.31699323654174805,-0.491296,0.30646100000000004,-0.815298,-0.587309,0.246955,-0.770767,-0.597,0.336,495.6,497.2,499.2,500.3,499.9,498.4,496.3,495.2,494.5,495.0,495.9,497.4,499.2,500.5,501.4,499.5,497.4,495.7,494.6,494.2,496.9,497.4,498.3,499.0,499.1,498.6,497.8,497.1,517.5,519.6,522.5,524.4,524.3,522.2,519.3,517.2,515.2,516.7,518.6,521.3,524.1,526.6,528.3,525.7,522.7,520.0,517.6,516.0,519.6,520.4,521.7,522.6,522.6,521.8,520.5,519.6,166.5,164.7,164.5,166.0,168.4,170.5,170.4,168.8,167.1,165.9,165.5,165.8,167.1,168.8,170.8,170.9,170.4,169.8,169.0,168.2,168.2,168.9,168.8,168.0,167.0,166.3,166.4,167.2,176.3,174.0,173.8,175.9,179.0,181.3,181.5,179.6,177.3,176.1,175.6,176.1,177.6,179.6,181.7,182.1,181.7,180.9,179.9,178.7,178.5,179.4,179.4,178.3,177.0,176.1,176.2,177.2,-30.2,-27.1,-23.5,-21.4,-22.1,-24.8,-28.7,-30.8,-32.4,-31.3,-29.5,-26.7,-23.4,-20.9,-19.4,-22.8,-26.7,-29.9,-31.9,-32.8,-27.7,-26.8,-25.2,-23.9,-23.6,-24.5,-26.1,-27.4,8.1,11.1,15.3,18.1,18.0,14.9,10.8,7.7,4.7,6.9,9.7,13.6,17.7,21.3,23.9,20.0,15.7,11.6,8.3,5.9,11.1,12.3,14.2,15.5,15.6,14.3,12.5,11.2,-400.0,-403.1,-402.6,-399.0,-394.3,-390.9,-391.7,-395.3,-400.8,-401.8,-401.5,-399.9,-396.9,-393.4,-389.7,-389.7,-391.1,-392.9,-395.2,-397.8,-396.3,-394.7,-394.5,-395.8,-397.9,-399.5,-399.6,-398.3,-304.9,-308.2,-308.0,-304.5,-299.7,-296.5,-296.6,-300.0,-304.4,-305.5,-305.4,-304.0,-301.5,-298.9,-296.0,-295.2,-295.7,-297.0,-299.2,-301.6,-301.4,-299.8,-299.8,-301.2,-303.3,-304.8,-304.9,-303.5,1471.1,1470.1,1467.4,1464.6,1463.3,1464.4,1467.1,1469.9,1478.1,1474.3,1470.0,1466.1,1463.5,1462.5,1462.4,1463.1,1464.5,1467.1,1470.6,1474.6,1469.0,1467.8,1466.6,1466.1,1466.7,1467.9,1469.1,1469.5,1174.5,1173.9,1172.2,1170.3,1169.4,1170.1,1171.8,1174.0,1177.9,1175.2,1172.3,1169.8,1168.9,1169.5,1170.9,1169.8,1169.4,1170.2,1172.3,1175.4,1173.4,1172.6,1171.9,1171.6,1172.0,1172.8,1173.6,1173.8,-15.0,-242.2,1057.5,0.14300000000000002,0.8109999999999999,0.4,1.57,0.26,1.19,0.0,0.38,1.17,0.24,0.58,0.05,0.0,0.34,1.02,0.0,0.04,0.65,0.37,0.0,0.0,1.0,1.0,0.0,1.0,1.0,0.0,0.0,0.0,0.0,1.0,1.0,0.0,0.0,0.0,1.0,0.0,0.0
109,0,4.32,0.88,1,0.35360825061798096,-0.48866400000000004,0.28392,-0.824983,-0.5829340000000001,0.226,-0.780456,-0.589,0.308,491.3,493.1,495.1,496.2,495.7,494.1,491.9,490.8,490.2,490.8,491.8,493.3,495.0,496.3,497.1,495.1,493.0,491.2,490.2,489.8,492.6,493.1,494.0,494.7,494.9,494.5,493.6,492.8,512.9,515.1,518.0,519.9,519.7,517.5,514.6,512.5,510.6,512.1,514.2,516.8,519.6,522.1,523.7,521.0,518.0,515.2,513.0,511.3,514.9,515.8,517.1,518.0,518.1,517.3,516.0,515.0,166.3,164.4,164.3,166.0,168.5,170.5,170.4,168.7,166.9,165.6,165.2,165.5,166.9,168.8,171.0,171.2,170.6,169.9,169.0,168.1,168.1,168.9,168.8,168.0,166.9,166.2,166.2,167.0,177.2,174.9,174.8,177.0,180.2,182.4,182.5,180.5,178.1,176.8,176.3,176.9,178.6,180.7,183.1,183.5,183.0,182.2,180.9,179.7,179.5,180.5,180.4,179.4,178.0,177.1,177.1,178.1,-36.1,-33.0,-29.5,-27.5,-28.3,-31.2,-35.0,-36.9,-38.2,-37.1,-35.3,-32.6,-29.5,-27.2,-25.9,-29.3,-33.1,-36.2,-38.1,-38.8,-33.8,-32.9,-31.4,-30.0,-29.7,-30.5,-32.1,-33.5,1.3,4.5,8.7,11.4,11.1,8.0,3.8,0.8,-2.1,0.2,3.1,7.0,11.0,14.5,16.9,12.9,8.7,4.7,1.4,-1.0,4.3,5.5,7.3,8.7,8.8,7.6,5.8,4.4,-380.2,-383.1,-382.6,-378.9,-374.3,-370.9,-371.9,-375.6,-381.1,-382.2,-381.8,-380.2,-377.0,-373.4,-369.5,-369.5,-371.0,-372.9,-375.3,-378.0,-376.4,-374.8,-374.5,-375.8,-377.8,-379.4,-379.7,-378.4,-298.5,-301.6,-301.2,-297.6,-292.9,-289.8,-290.2,-293.6,-298.0,-299.2,-299.1,-297.6,-294.9,-292.1,-289.1,-288.3,-288.8,-290.2,-292.5,-295.1,-294.9,-293.3,-293.1,-294.5,-296.6,-298.1,-298.3,-296.9,1397.0,1395.9,1393.1,1390.3,1389.1,1390.2,1393.0,1395.8,1404.0,1400.2,1395.9,1391.8,1389.3,1388.2,1388.1,1388.9,1390.4,1393.1,1396.6,1400.5,1394.8,1393.6,1392.4,1391.9,1392.4,1393.7,1394.9,1395.4,1154.4,1153.8,1152.0,1150.3,1149.5,1150.2,1151.9,1154.1,1157.9,1155.2,1152.3,1149.8,1148.9,1149.6,1151.1,1150.1,1149.7,1150.4,1152.4,1155.4,1153.5,1152.7,1152.0,1151.7,1152.0,1152.8,1153.5,1153.8,-22.3,-243.3,1064.5,0.1119999999999999,0.81,0.44,1.95,0.53,1.3,0.0,0.5,1.03,0.38,0.56,0.04,0.0,0.26,1.12,0.0,0.06,0.92,0.24,0.0,0.0,1.0,1.0,0.0,1.0,1.0,0.0,0.0,0.0,0.0,1.0,1.0,0.0,0.0,0.0,1.0,0.0,0.0
110,0,4.36,0.88,1,0.369385302066803,-0.4914439999999999,0.284489,-0.823134,-0.584304,0.2261639999999999,-0.779383,-0.591,0.308,488.1,489.8,491.8,492.8,492.3,490.7,488.6,487.6,487.1,487.7,488.5,490.0,491.7,492.9,493.7,491.7,489.6,487.9,487.0,486.7,489.3,489.8,490.6,491.4,491.6,491.2,490.3,489.6,509.0,511.2,514.0,515.9,515.7,513.5,510.6,508.6,506.7,508.2,510.2,512.8,515.6,518.0,519.6,516.9,514.0,511.2,509.0,507.4,511.0,511.8,513.0,514.0,514.1,513.3,512.0,511.1,166.5,164.7,164.6,166.3,168.7,170.7,170.6,168.9,167.0,165.8,165.4,165.7,167.2,169.1,171.3,171.4,170.8,170.1,169.2,168.2,168.3,169.1,169.0,168.2,167.2,166.4,166.5,167.3,177.7,175.5,175.5,177.7,180.8,183.0,183.0,181.0,178.6,177.4,176.9,177.6,179.3,181.4,183.7,184.1,183.6,182.7,181.5,180.2,180.1,181.0,181.0,180.0,178.7,177.7,177.7,178.7,-42.4,-39.3,-35.8,-33.9,-34.7,-37.6,-41.3,-43.2,-44.4,-43.2,-41.6,-38.9,-35.8,-33.6,-32.3,-35.7,-39.5,-42.6,-44.4,-45.0,-40.1,-39.3,-37.8,-36.4,-36.0,-36.9,-38.4,-39.8,-4.4,-1.2,3.0,5.7,5.3,2.2,-2.0,-5.0,-7.8,-5.5,-2.6,1.2,5.2,8.7,11.1,7.1,2.9,-1.1,-4.4,-6.7,-1.5,-0.3,1.5,2.9,3.1,1.9,0.1,-1.3,-385.9,-388.8,-388.1,-384.4,-379.8,-376.5,-377.6,-381.3,-386.9,-388.0,-387.5,-385.8,-382.6,-378.9,-375.0,-375.1,-376.5,-378.5,-381.0,-383.8,-382.1,-380.4,-380.2,-381.4,-383.4,-385.0,-385.3,-384.1,-300.5,-303.6,-303.2,-299.5,-294.8,-291.8,-292.2,-295.7,-300.2,-301.3,-301.1,-299.6,-296.8,-294.0,-291.0,-290.2,-290.7,-292.2,-294.6,-297.2,-296.9,-295.3,-295.1,-296.5,-298.5,-300.1,-300.3,-299.0,1419.3,1418.1,1415.2,1412.4,1411.3,1412.5,1415.3,1418.2,1426.3,1422.5,1418.1,1414.0,1411.4,1410.4,1410.3,1411.2,1412.8,1415.5,1419.0,1422.9,1417.1,1415.9,1414.6,1414.1,1414.6,1415.8,1417.1,1417.6,1165.6,1164.8,1163.1,1161.3,1160.7,1161.4,1163.2,1165.3,1169.1,1166.3,1163.4,1160.8,1160.0,1160.7,1162.2,1161.3,1160.9,1161.7,1163.7,1166.7,1164.7,1163.9,1163.1,1162.8,1163.1,1163.8,1164.6,1165.0,-27.4,-244.8,1072.1,0.107,0.8140000000000001,0.4529999999999999,2.23,0.87,1.46,0.0,0.6,1.13,0.46,0.56,0.09,0.0,0.25,1.14,0.0,0.05,1.11,0.23,0.0,1.0,1.0,1.0,0.0,1.0,1.0,0.0,0.0,0.0,0.0,1.0,1.0,0.0,0.0,0.0,1.0,0.0,0.0
111,0,4.4,0.88,1,0.3737382888793945,-0.490953,0.281561,-0.8244319999999999,-0.581828,0.2248079999999999,-0.781625,-0.589,0.305,485.4,487.1,489.0,489.9,489.4,487.8,485.8,484.9,484.5,485.0,485.8,487.2,488.8,490.0,490.7,488.8,486.8,485.2,484.3,484.0,486.6,487.0,487.8,488.6,488.8,488.4,487.5,486.8,505.4,507.6,510.4,512.2,512.0,509.9,507.1,505.1,503.1,504.7,506.6,509.2,512.0,514.3,515.9,513.3,510.4,507.7,505.4,503.9,507.4,508.2,509.4,510.4,510.5,509.7,508.4,507.5,166.8,165.1,165.0,166.7,169.0,171.0,170.8,169.2,167.3,166.2,165.7,166.1,167.5,169.4,171.6,171.7,171.0,170.3,169.5,168.5,168.6,169.3,169.3,168.6,167.5,166.8,166.8,167.6,177.8,175.6,175.6,177.7,180.8,183.0,183.0,181.0,178.7,177.5,177.0,177.6,179.3,181.3,183.6,184.0,183.6,182.7,181.5,180.3,180.1,181.0,181.0,180.1,178.7,177.8,177.8,178.8,-48.1,-45.0,-41.5,-39.8,-40.7,-43.6,-47.2,-49.1,-50.0,-48.9,-47.3,-44.7,-41.7,-39.6,-38.4,-41.7,-45.4,-48.5,-50.2,-50.7,-46.0,-45.2,-43.6,-42.3,-41.9,-42.7,-44.2,-45.6,-9.7,-6.6,-2.4,0.4,0.1,-3.1,-7.3,-10.3,-13.2,-10.9,-7.9,-4.1,-0.1,3.4,5.8,1.8,-2.4,-6.4,-9.7,-12.1,-6.8,-5.6,-3.8,-2.4,-2.3,-3.5,-5.3,-6.7,-393.1,-395.9,-395.2,-391.5,-386.9,-383.7,-384.8,-388.5,-394.1,-395.2,-394.7,-393.0,-389.6,-385.9,-382.0,-382.1,-383.7,-385.7,-388.2,-391.0,-389.2,-387.6,-387.3,-388.5,-390.5,-392.2,-392.5,-391.3,-305.9,-309.0,-308.6,-305.0,-300.3,-297.2,-297.5,-301.0,-305.4,-306.6,-306.5,-305.0,-302.3,-299.4,-296.4,-295.6,-296.1,-297.6,-299.9,-302.5,-302.2,-300.7,-300.5,-301.9,-303.9,-305.5,-305.7,-304.3,1448.0,1446.8,1443.8,1441.0,1439.9,1441.1,1444.1,1446.9,1455.1,1451.3,1446.8,1442.7,1440.0,1438.9,1438.8,1439.8,1441.5,1444.2,1447.8,1451.7,1445.8,1444.6,1443.3,1442.7,1443.2,1444.5,1445.7,1446.3,1186.9,1186.2,1184.4,1182.7,1181.9,1182.6,1184.4,1186.5,1190.3,1187.6,1184.7,1182.2,1181.3,1182.0,1183.5,1182.5,1182.1,1182.8,1184.9,1187.8,1185.9,1185.1,1184.4,1184.1,1184.4,1185.2,1185.9,1186.2,-31.9,-248.0,1085.0,0.106,0.8170000000000001,0.46,2.47,0.97,1.31,0.11,0.54,0.87,0.38,0.61,0.1,0.0,0.26,1.2,0.0,0.05,1.44,0.28,0.0,1.0,1.0,1.0,0.0,1.0,1.0,0.0,0.0,0.0,0.0,1.0,1.0,0.0,0.0,0.0,1.0,0.0,0.0
112,0,4.44,0.88,1,0.3764859437942505,-0.48977200000000004,0.282512,-0.824809,-0.586037,0.2229159999999999,-0.779018,-0.591,0.305,482.9,484.6,486.4,487.3,486.7,485.1,483.2,482.3,482.1,482.6,483.4,484.7,486.2,487.3,487.9,486.1,484.1,482.6,481.7,481.6,484.0,484.4,485.2,485.9,486.2,485.8,485.0,484.3,502.1,504.2,507.0,508.8,508.6,506.5,503.7,501.7,499.9,501.4,503.3,505.8,508.5,510.8,512.4,509.8,506.9,504.2,502.1,500.6,504.0,504.8,506.0,507.0,507.1,506.3,505.1,504.1,167.0,165.3,165.3,166.9,169.3,171.2,171.0,169.3,167.5,166.3,165.9,166.3,167.8,169.7,171.9,171.9,171.2,170.5,169.6,168.6,168.8,169.5,169.5,168.8,167.8,167.0,167.0,167.8,178.1,175.9,175.9,177.9,181.0,183.2,183.2,181.3,179.1,177.8,177.3,177.8,179.5,181.5,183.8,184.2,183.8,182.9,181.8,180.6,180.4,181.3,181.2,180.3,179.0,178.0,178.1,179.0,-53.2,-50.0,-46.6,-44.9,-45.9,-48.9,-52.5,-54.2,-54.9,-53.8,-52.3,-49.8,-46.9,-44.9,-43.8,-47.1,-50.8,-53.7,-55.3,-55.7,-51.1,-50.4,-48.9,-47.5,-47.0,-47.8,-49.3,-50.6,-14.8,-11.6,-7.5,-4.8,-5.1,-8.3,-12.4,-15.4,-18.2,-15.9,-13.0,-9.2,-5.2,-1.7,0.6,-3.3,-7.6,-11.6,-14.8,-17.1,-11.9,-10.7,-8.9,-7.5,-7.4,-8.6,-10.4,-11.7,-396.8,-399.5,-398.7,-394.9,-390.3,-387.2,-388.4,-392.2,-397.8,-398.9,-398.4,-396.6,-393.1,-389.3,-385.3,-385.6,-387.3,-389.4,-391.9,-394.7,-392.8,-391.2,-390.8,-392.0,-394.0,-395.7,-396.0,-394.8,-308.0,-311.1,-310.8,-307.2,-302.4,-299.4,-299.7,-303.2,-307.5,-308.8,-308.7,-307.2,-304.5,-301.6,-298.5,-297.7,-298.3,-299.8,-302.0,-304.6,-304.4,-302.8,-302.7,-304.0,-306.1,-307.7,-307.8,-306.5,1462.6,1461.2,1458.2,1455.4,1454.3,1455.6,1458.6,1461.5,1469.7,1465.8,1461.4,1457.2,1454.5,1453.3,1453.2,1454.3,1456.0,1458.8,1462.4,1466.3,1460.4,1459.1,1457.8,1457.2,1457.7,1458.9,1460.2,1460.8,1196.9,1196.2,1194.4,1192.5,1191.7,1192.4,1194.3,1196.5,1200.5,1197.7,1194.8,1192.1,1191.1,1191.7,1193.0,1192.1,1191.9,1192.7,1194.9,1197.9,1195.8,1195.0,1194.2,1193.9,1194.3,1195.1,1195.9,1196.2,-35.5,-248.6,1088.6,0.11,0.8290000000000001,0.46,2.58,1.06,1.27,0.19,0.54,0.93,0.4,0.65,0.15,0.0,0.3,1.36,0.0,0.04,1.83,0.47,0.0,1.0,1.0,1.0,0.0,1.0,1.0,0.0,0.0,0.0,0.0,1.0,1.0,0.0,0.0,1.0,1.0,0.0,0.0
113,0,4.48,0.88,1,0.3856309056282044,-0.491835,0.28485900000000003,-0.822772,-0.592773,0.22401,-0.7735890000000001,-0.597,0.309,480.7,482.4,484.1,484.9,484.3,482.8,481.0,480.1,480.0,480.5,481.2,482.4,483.8,484.9,485.5,483.7,481.8,480.3,479.6,479.5,481.8,482.1,482.9,483.6,483.9,483.5,482.7,482.0,499.0,501.0,503.7,505.4,505.2,503.2,500.5,498.6,496.9,498.3,500.1,502.5,505.1,507.4,508.9,506.4,503.6,501.0,499.0,497.5,500.9,501.6,502.8,503.7,503.8,503.0,501.9,501.0,167.5,165.9,165.8,167.4,169.7,171.6,171.3,169.7,168.0,166.9,166.5,166.8,168.2,170.1,172.2,172.2,171.6,170.9,170.0,169.1,169.3,170.0,169.9,169.2,168.2,167.6,167.6,168.3,178.2,176.0,175.9,177.9,180.9,183.0,183.1,181.2,179.1,177.9,177.3,177.8,179.4,181.4,183.7,184.0,183.6,182.9,181.7,180.6,180.3,181.2,181.2,180.2,178.9,178.1,178.1,179.0,-58.9,-55.8,-52.4,-50.8,-51.8,-54.8,-58.4,-60.0,-60.6,-59.6,-58.1,-55.6,-52.8,-50.8,-49.7,-53.1,-56.7,-59.6,-61.2,-61.5,-56.9,-56.2,-54.7,-53.3,-52.9,-53.6,-55.1,-56.5,-20.0,-16.9,-12.8,-10.2,-10.5,-13.6,-17.6,-20.6,-23.3,-21.1,-18.3,-14.6,-10.6,-7.1,-4.7,-8.6,-12.9,-16.9,-20.1,-22.3,-17.1,-16.0,-14.2,-12.8,-12.7,-13.8,-15.6,-17.0,-408.2,-410.9,-410.1,-406.3,-401.8,-398.6,-399.9,-403.6,-409.1,-410.2,-409.8,-408.0,-404.6,-400.7,-396.7,-397.0,-398.7,-400.8,-403.3,-406.1,-404.2,-402.6,-402.2,-403.4,-405.4,-407.1,-407.4,-406.2,-317.0,-320.1,-319.7,-316.1,-311.4,-308.3,-308.7,-312.1,-316.4,-317.7,-317.7,-316.2,-313.5,-310.5,-307.4,-306.7,-307.2,-308.7,-311.0,-313.5,-313.4,-311.8,-311.6,-313.0,-315.0,-316.6,-316.8,-315.4,1508.2,1506.9,1503.8,1500.9,1499.8,1501.1,1504.2,1507.1,1515.3,1511.5,1507.0,1502.8,1500.0,1498.8,1498.6,1499.7,1501.5,1504.4,1508.0,1512.0,1505.9,1504.6,1503.3,1502.7,1503.2,1504.5,1505.8,1506.4,1232.1,1231.3,1229.3,1227.3,1226.5,1227.3,1229.2,1231.6,1235.7,1232.9,1229.9,1227.1,1225.9,1226.3,1227.6,1226.8,1226.7,1227.7,1230.0,1233.1,1230.8,1230.0,1229.1,1228.8,1229.1,1230.0,1230.9,1231.2,-38.9,-249.9,1094.6,0.107,0.845,0.4589999999999999,2.7,1.09,1.3,0.24,0.56,1.08,0.5,0.68,0.18,0.0,0.37,1.71,0.0,0.0,2.07,0.73,0.0,1.0,1.0,1.0,0.0,1.0,1.0,0.0,0.0,0.0,0.0,1.0,1.0,0.0,0.0,1.0,1.0,0.0,0.0
